judge,face,cond,C1,C2,rating
66,13,A,-0.5,0,1
20,13,A,-0.5,0,4
22,13,A,-0.5,0,7
69,13,A,-0.5,0,1
7,13,A,-0.5,0,3
41,13,A,-0.5,0,1
60,13,A,-0.5,0,3
19,13,A,-0.5,0,1
59,13,A,-0.5,0,1
15,13,A,-0.5,0,6
51,13,A,-0.5,0,1
8,13,A,-0.5,0,2
32,13,A,-0.5,0,3
6,13,A,-0.5,0,1
28,13,A,-0.5,0,1
10,13,A,-0.5,0,1
26,13,A,-0.5,0,5
53,13,A,-0.5,0,1
46,13,A,-0.5,0,5
24,13,A,-0.5,0,1
34,13,A,-0.5,0,1
16,13,A,-0.5,0,1
58,13,A,-0.5,0,2
12,13,A,-0.5,0,1
39,13,A,-0.5,0,2
38,13,A,-0.5,0,4
37,13,A,-0.5,0,1
43,13,A,-0.5,0,1
3,13,A,-0.5,0,1
54,13,A,-0.5,0,2
11,13,A,-0.5,0,2
61,13,A,-0.5,0,1
13,13,A,-0.5,0,1
70,13,A,-0.5,0,1
44,13,A,-0.5,0,4
14,13,A,-0.5,0,2
17,13,A,-0.5,0,1
27,13,A,-0.5,0,3
55,13,A,-0.5,0,3
36,13,A,-0.5,0,3
5,13,A,-0.5,0,2
21,13,A,-0.5,0,2
48,13,A,-0.5,0,1
23,13,A,-0.5,0,2
2,13,A,-0.5,0,2
35,13,A,-0.5,0,2
1,13,A,-0.5,0,6
67,13,A,-0.5,0,1
29,13,A,-0.5,0,7
52,13,A,-0.5,0,2
62,13,A,-0.5,0,2
50,13,A,-0.5,0,1
4,13,A,-0.5,0,3
9,13,A,-0.5,0,1
56,13,A,-0.5,0,3
49,13,A,-0.5,0,4
64,13,A,-0.5,0,1
47,13,A,-0.5,0,3
68,13,A,-0.5,0,1
63,13,A,-0.5,0,2
42,13,A,-0.5,0,1
31,13,A,-0.5,0,2
33,13,A,-0.5,0,1
57,13,A,-0.5,0,6
25,13,A,-0.5,0,2
45,13,A,-0.5,0,2
30,13,A,-0.5,0,3
18,13,A,-0.5,0,2
40,13,A,-0.5,0,1
65,13,A,-0.5,0,1
66,21,A,-0.5,0,1
20,21,A,-0.5,0,2
22,21,A,-0.5,0,6
69,21,A,-0.5,0,3
7,21,A,-0.5,0,2
41,21,A,-0.5,0,1
60,21,A,-0.5,0,3
19,21,A,-0.5,0,1
59,21,A,-0.5,0,1
15,21,A,-0.5,0,3
51,21,A,-0.5,0,1
8,21,A,-0.5,0,2
32,21,A,-0.5,0,1
6,21,A,-0.5,0,1
28,21,A,-0.5,0,3
10,21,A,-0.5,0,1
26,21,A,-0.5,0,4
53,21,A,-0.5,0,1
46,21,A,-0.5,0,1
24,21,A,-0.5,0,2
34,21,A,-0.5,0,1
16,21,A,-0.5,0,1
58,21,A,-0.5,0,1
12,21,A,-0.5,0,1
39,21,A,-0.5,0,1
38,21,A,-0.5,0,1
37,21,A,-0.5,0,1
43,21,A,-0.5,0,2
3,21,A,-0.5,0,1
54,21,A,-0.5,0,1
11,21,A,-0.5,0,1
61,21,A,-0.5,0,2
13,21,A,-0.5,0,1
70,21,A,-0.5,0,1
44,21,A,-0.5,0,1
14,21,A,-0.5,0,2
17,21,A,-0.5,0,2
27,21,A,-0.5,0,1
55,21,A,-0.5,0,3
36,21,A,-0.5,0,2
5,21,A,-0.5,0,1
21,21,A,-0.5,0,2
48,21,A,-0.5,0,2
23,21,A,-0.5,0,2
2,21,A,-0.5,0,1
35,21,A,-0.5,0,2
1,21,A,-0.5,0,6
67,21,A,-0.5,0,3
29,21,A,-0.5,0,6
52,21,A,-0.5,0,2
62,21,A,-0.5,0,1
50,21,A,-0.5,0,1
4,21,A,-0.5,0,4
9,21,A,-0.5,0,1
56,21,A,-0.5,0,1
49,21,A,-0.5,0,2
64,21,A,-0.5,0,1
47,21,A,-0.5,0,1
68,21,A,-0.5,0,1
63,21,A,-0.5,0,2
42,21,A,-0.5,0,1
31,21,A,-0.5,0,3
33,21,A,-0.5,0,1
57,21,A,-0.5,0,3
25,21,A,-0.5,0,2
45,21,A,-0.5,0,1
30,21,A,-0.5,0,4
18,21,A,-0.5,0,2
40,21,A,-0.5,0,2
65,21,A,-0.5,0,5
66,22,A,-0.5,0,4
20,22,A,-0.5,0,4
22,22,A,-0.5,0,6
69,22,A,-0.5,0,6
7,22,A,-0.5,0,2
41,22,A,-0.5,0,6
60,22,A,-0.5,0,3
19,22,A,-0.5,0,6
59,22,A,-0.5,0,5
15,22,A,-0.5,0,5
51,22,A,-0.5,0,6
8,22,A,-0.5,0,6
32,22,A,-0.5,0,2
6,22,A,-0.5,0,2
28,22,A,-0.5,0,4
10,22,A,-0.5,0,4
26,22,A,-0.5,0,5
53,22,A,-0.5,0,5
46,22,A,-0.5,0,5
24,22,A,-0.5,0,4
34,22,A,-0.5,0,1
16,22,A,-0.5,0,5
58,22,A,-0.5,0,3
12,22,A,-0.5,0,4
39,22,A,-0.5,0,4
38,22,A,-0.5,0,4
37,22,A,-0.5,0,4
43,22,A,-0.5,0,2
3,22,A,-0.5,0,5
54,22,A,-0.5,0,5
11,22,A,-0.5,0,3
61,22,A,-0.5,0,7
13,22,A,-0.5,0,3
70,22,A,-0.5,0,7
44,22,A,-0.5,0,7
14,22,A,-0.5,0,3
17,22,A,-0.5,0,4
27,22,A,-0.5,0,4
55,22,A,-0.5,0,6
36,22,A,-0.5,0,4
5,22,A,-0.5,0,5
21,22,A,-0.5,0,2
48,22,A,-0.5,0,1
23,22,A,-0.5,0,2
2,22,A,-0.5,0,4
35,22,A,-0.5,0,7
1,22,A,-0.5,0,5
67,22,A,-0.5,0,4
29,22,A,-0.5,0,6
52,22,A,-0.5,0,5
62,22,A,-0.5,0,6
50,22,A,-0.5,0,6
4,22,A,-0.5,0,4
9,22,A,-0.5,0,4
56,22,A,-0.5,0,7
49,22,A,-0.5,0,5
64,22,A,-0.5,0,1
47,22,A,-0.5,0,5
68,22,A,-0.5,0,4
63,22,A,-0.5,0,2
42,22,A,-0.5,0,4
31,22,A,-0.5,0,4
33,22,A,-0.5,0,3
57,22,A,-0.5,0,5
25,22,A,-0.5,0,5
45,22,A,-0.5,0,2
30,22,A,-0.5,0,4
18,22,A,-0.5,0,4
40,22,A,-0.5,0,3
65,22,A,-0.5,0,1
66,23,A,-0.5,0,3
20,23,A,-0.5,0,2
22,23,A,-0.5,0,4
69,23,A,-0.5,0,5
7,23,A,-0.5,0,2
41,23,A,-0.5,0,1
60,23,A,-0.5,0,1
19,23,A,-0.5,0,2
59,23,A,-0.5,0,1
15,23,A,-0.5,0,7
51,23,A,-0.5,0,5
8,23,A,-0.5,0,1
32,23,A,-0.5,0,4
6,23,A,-0.5,0,5
28,23,A,-0.5,0,2
10,23,A,-0.5,0,1
26,23,A,-0.5,0,2
53,23,A,-0.5,0,1
46,23,A,-0.5,0,3
24,23,A,-0.5,0,1
34,23,A,-0.5,0,1
16,23,A,-0.5,0,1
58,23,A,-0.5,0,2
12,23,A,-0.5,0,1
39,23,A,-0.5,0,3
38,23,A,-0.5,0,3
37,23,A,-0.5,0,1
43,23,A,-0.5,0,1
3,23,A,-0.5,0,1
54,23,A,-0.5,0,2
11,23,A,-0.5,0,3
61,23,A,-0.5,0,1
13,23,A,-0.5,0,1
70,23,A,-0.5,0,7
44,23,A,-0.5,0,6
14,23,A,-0.5,0,2
17,23,A,-0.5,0,3
27,23,A,-0.5,0,1
55,23,A,-0.5,0,3
36,23,A,-0.5,0,3
5,23,A,-0.5,0,1
21,23,A,-0.5,0,2
48,23,A,-0.5,0,1
23,23,A,-0.5,0,2
2,23,A,-0.5,0,1
35,23,A,-0.5,0,2
1,23,A,-0.5,0,5
67,23,A,-0.5,0,5
29,23,A,-0.5,0,6
52,23,A,-0.5,0,1
62,23,A,-0.5,0,3
50,23,A,-0.5,0,1
4,23,A,-0.5,0,5
9,23,A,-0.5,0,2
56,23,A,-0.5,0,2
49,23,A,-0.5,0,3
64,23,A,-0.5,0,1
47,23,A,-0.5,0,1
68,23,A,-0.5,0,1
63,23,A,-0.5,0,1
42,23,A,-0.5,0,6
31,23,A,-0.5,0,3
33,23,A,-0.5,0,1
57,23,A,-0.5,0,6
25,23,A,-0.5,0,2
45,23,A,-0.5,0,1
30,23,A,-0.5,0,4
18,23,A,-0.5,0,1
40,23,A,-0.5,0,2
65,23,A,-0.5,0,3
66,24,A,-0.5,0,4
20,24,A,-0.5,0,1
22,24,A,-0.5,0,6
69,24,A,-0.5,0,5
7,24,A,-0.5,0,2
41,24,A,-0.5,0,5
60,24,A,-0.5,0,5
19,24,A,-0.5,0,1
59,24,A,-0.5,0,4
15,24,A,-0.5,0,2
51,24,A,-0.5,0,2
8,24,A,-0.5,0,5
32,24,A,-0.5,0,4
6,24,A,-0.5,0,1
28,24,A,-0.5,0,2
10,24,A,-0.5,0,2
26,24,A,-0.5,0,5
53,24,A,-0.5,0,1
46,24,A,-0.5,0,4
24,24,A,-0.5,0,1
34,24,A,-0.5,0,4
16,24,A,-0.5,0,4
58,24,A,-0.5,0,2
12,24,A,-0.5,0,4
39,24,A,-0.5,0,4
38,24,A,-0.5,0,6
37,24,A,-0.5,0,5
43,24,A,-0.5,0,5
3,24,A,-0.5,0,2
54,24,A,-0.5,0,5
11,24,A,-0.5,0,4
61,24,A,-0.5,0,3
13,24,A,-0.5,0,4
70,24,A,-0.5,0,5
44,24,A,-0.5,0,5
14,24,A,-0.5,0,2
17,24,A,-0.5,0,3
27,24,A,-0.5,0,2
55,24,A,-0.5,0,4
36,24,A,-0.5,0,4
5,24,A,-0.5,0,5
21,24,A,-0.5,0,3
48,24,A,-0.5,0,1
23,24,A,-0.5,0,2
2,24,A,-0.5,0,3
35,24,A,-0.5,0,3
1,24,A,-0.5,0,5
67,24,A,-0.5,0,6
29,24,A,-0.5,0,2
52,24,A,-0.5,0,4
62,24,A,-0.5,0,5
50,24,A,-0.5,0,5
4,24,A,-0.5,0,5
9,24,A,-0.5,0,2
56,24,A,-0.5,0,1
49,24,A,-0.5,0,3
64,24,A,-0.5,0,3
47,24,A,-0.5,0,1
68,24,A,-0.5,0,1
63,24,A,-0.5,0,2
42,24,A,-0.5,0,5
31,24,A,-0.5,0,3
33,24,A,-0.5,0,1
57,24,A,-0.5,0,4
25,24,A,-0.5,0,5
45,24,A,-0.5,0,1
30,24,A,-0.5,0,6
18,24,A,-0.5,0,5
40,24,A,-0.5,0,6
65,24,A,-0.5,0,1
66,25,A,-0.5,0,1
20,25,A,-0.5,0,2
22,25,A,-0.5,0,4
69,25,A,-0.5,0,4
7,25,A,-0.5,0,2
41,25,A,-0.5,0,6
60,25,A,-0.5,0,2
19,25,A,-0.5,0,1
59,25,A,-0.5,0,4
15,25,A,-0.5,0,2
51,25,A,-0.5,0,1
8,25,A,-0.5,0,2
32,25,A,-0.5,0,3
6,25,A,-0.5,0,1
28,25,A,-0.5,0,2
10,25,A,-0.5,0,2
26,25,A,-0.5,0,3
53,25,A,-0.5,0,3
46,25,A,-0.5,0,4
24,25,A,-0.5,0,1
34,25,A,-0.5,0,1
16,25,A,-0.5,0,1
58,25,A,-0.5,0,1
12,25,A,-0.5,0,2
39,25,A,-0.5,0,2
38,25,A,-0.5,0,4
37,25,A,-0.5,0,5
43,25,A,-0.5,0,1
3,25,A,-0.5,0,6
54,25,A,-0.5,0,1
11,25,A,-0.5,0,2
61,25,A,-0.5,0,3
13,25,A,-0.5,0,1
70,25,A,-0.5,0,2
44,25,A,-0.5,0,6
14,25,A,-0.5,0,2
17,25,A,-0.5,0,3
27,25,A,-0.5,0,5
55,25,A,-0.5,0,4
36,25,A,-0.5,0,3
5,25,A,-0.5,0,1
21,25,A,-0.5,0,2
48,25,A,-0.5,0,1
23,25,A,-0.5,0,3
2,25,A,-0.5,0,5
35,25,A,-0.5,0,3
1,25,A,-0.5,0,5
67,25,A,-0.5,0,4
29,25,A,-0.5,0,5
52,25,A,-0.5,0,1
62,25,A,-0.5,0,3
50,25,A,-0.5,0,2
4,25,A,-0.5,0,4
9,25,A,-0.5,0,3
56,25,A,-0.5,0,3
49,25,A,-0.5,0,4
64,25,A,-0.5,0,1
47,25,A,-0.5,0,2
68,25,A,-0.5,0,1
63,25,A,-0.5,0,2
42,25,A,-0.5,0,1
31,25,A,-0.5,0,4
33,25,A,-0.5,0,1
57,25,A,-0.5,0,2
25,25,A,-0.5,0,2
45,25,A,-0.5,0,1
30,25,A,-0.5,0,5
18,25,A,-0.5,0,3
40,25,A,-0.5,0,2
65,25,A,-0.5,0,5
66,28,A,-0.5,0,3
20,28,A,-0.5,0,5
22,28,A,-0.5,0,5
69,28,A,-0.5,0,6
7,28,A,-0.5,0,1
41,28,A,-0.5,0,1
60,28,A,-0.5,0,4
19,28,A,-0.5,0,1
59,28,A,-0.5,0,3
15,28,A,-0.5,0,2
51,28,A,-0.5,0,1
8,28,A,-0.5,0,3
32,28,A,-0.5,0,1
6,28,A,-0.5,0,1
28,28,A,-0.5,0,3
10,28,A,-0.5,0,2
26,28,A,-0.5,0,4
53,28,A,-0.5,0,2
46,28,A,-0.5,0,4
24,28,A,-0.5,0,1
34,28,A,-0.5,0,1
16,28,A,-0.5,0,3
58,28,A,-0.5,0,1
12,28,A,-0.5,0,3
39,28,A,-0.5,0,2
38,28,A,-0.5,0,3
37,28,A,-0.5,0,4
43,28,A,-0.5,0,2
3,28,A,-0.5,0,2
54,28,A,-0.5,0,3
11,28,A,-0.5,0,3
61,28,A,-0.5,0,1
13,28,A,-0.5,0,4
70,28,A,-0.5,0,3
44,28,A,-0.5,0,7
14,28,A,-0.5,0,2
17,28,A,-0.5,0,1
27,28,A,-0.5,0,1
55,28,A,-0.5,0,4
36,28,A,-0.5,0,3
5,28,A,-0.5,0,2
21,28,A,-0.5,0,2
48,28,A,-0.5,0,4
23,28,A,-0.5,0,2
2,28,A,-0.5,0,3
35,28,A,-0.5,0,2
1,28,A,-0.5,0,5
67,28,A,-0.5,0,2
29,28,A,-0.5,0,6
52,28,A,-0.5,0,2
62,28,A,-0.5,0,1
50,28,A,-0.5,0,4
4,28,A,-0.5,0,3
9,28,A,-0.5,0,2
56,28,A,-0.5,0,6
49,28,A,-0.5,0,2
64,28,A,-0.5,0,2
47,28,A,-0.5,0,4
68,28,A,-0.5,0,1
63,28,A,-0.5,0,1
42,28,A,-0.5,0,2
31,28,A,-0.5,0,3
33,28,A,-0.5,0,1
57,28,A,-0.5,0,2
25,28,A,-0.5,0,2
45,28,A,-0.5,0,1
30,28,A,-0.5,0,6
18,28,A,-0.5,0,3
40,28,A,-0.5,0,3
65,28,A,-0.5,0,1
66,32,A,-0.5,0,4
20,32,A,-0.5,0,6
22,32,A,-0.5,0,7
69,32,A,-0.5,0,2
7,32,A,-0.5,0,2
41,32,A,-0.5,0,1
60,32,A,-0.5,0,3
19,32,A,-0.5,0,1
59,32,A,-0.5,0,1
15,32,A,-0.5,0,4
51,32,A,-0.5,0,6
8,32,A,-0.5,0,1
32,32,A,-0.5,0,2
6,32,A,-0.5,0,1
28,32,A,-0.5,0,3
10,32,A,-0.5,0,1
26,32,A,-0.5,0,4
53,32,A,-0.5,0,1
46,32,A,-0.5,0,5
24,32,A,-0.5,0,2
34,32,A,-0.5,0,3
16,32,A,-0.5,0,1
58,32,A,-0.5,0,1
12,32,A,-0.5,0,2
39,32,A,-0.5,0,2
38,32,A,-0.5,0,2
37,32,A,-0.5,0,5
43,32,A,-0.5,0,1
3,32,A,-0.5,0,1
54,32,A,-0.5,0,1
11,32,A,-0.5,0,1
61,32,A,-0.5,0,2
13,32,A,-0.5,0,1
70,32,A,-0.5,0,3
44,32,A,-0.5,0,6
14,32,A,-0.5,0,2
17,32,A,-0.5,0,1
27,32,A,-0.5,0,2
55,32,A,-0.5,0,2
36,32,A,-0.5,0,3
5,32,A,-0.5,0,1
21,32,A,-0.5,0,2
48,32,A,-0.5,0,1
23,32,A,-0.5,0,2
2,32,A,-0.5,0,2
35,32,A,-0.5,0,3
1,32,A,-0.5,0,5
67,32,A,-0.5,0,1
29,32,A,-0.5,0,2
52,32,A,-0.5,0,2
62,32,A,-0.5,0,6
50,32,A,-0.5,0,2
4,32,A,-0.5,0,5
9,32,A,-0.5,0,2
56,32,A,-0.5,0,1
49,32,A,-0.5,0,3
64,32,A,-0.5,0,1
47,32,A,-0.5,0,2
68,32,A,-0.5,0,1
63,32,A,-0.5,0,1
42,32,A,-0.5,0,2
31,32,A,-0.5,0,2
33,32,A,-0.5,0,1
57,32,A,-0.5,0,1
25,32,A,-0.5,0,2
45,32,A,-0.5,0,1
30,32,A,-0.5,0,4
18,32,A,-0.5,0,2
40,32,A,-0.5,0,4
65,32,A,-0.5,0,1
66,33,A,-0.5,0,1
20,33,A,-0.5,0,7
22,33,A,-0.5,0,4
69,33,A,-0.5,0,2
7,33,A,-0.5,0,2
41,33,A,-0.5,0,1
60,33,A,-0.5,0,2
19,33,A,-0.5,0,1
59,33,A,-0.5,0,5
15,33,A,-0.5,0,3
51,33,A,-0.5,0,1
8,33,A,-0.5,0,3
32,33,A,-0.5,0,2
6,33,A,-0.5,0,1
28,33,A,-0.5,0,3
10,33,A,-0.5,0,2
26,33,A,-0.5,0,3
53,33,A,-0.5,0,3
46,33,A,-0.5,0,4
24,33,A,-0.5,0,3
34,33,A,-0.5,0,1
16,33,A,-0.5,0,4
58,33,A,-0.5,0,1
12,33,A,-0.5,0,4
39,33,A,-0.5,0,4
38,33,A,-0.5,0,2
37,33,A,-0.5,0,1
43,33,A,-0.5,0,1
3,33,A,-0.5,0,2
54,33,A,-0.5,0,1
11,33,A,-0.5,0,2
61,33,A,-0.5,0,2
13,33,A,-0.5,0,1
70,33,A,-0.5,0,3
44,33,A,-0.5,0,5
14,33,A,-0.5,0,3
17,33,A,-0.5,0,3
27,33,A,-0.5,0,1
55,33,A,-0.5,0,3
36,33,A,-0.5,0,3
5,33,A,-0.5,0,5
21,33,A,-0.5,0,2
48,33,A,-0.5,0,1
23,33,A,-0.5,0,4
2,33,A,-0.5,0,1
35,33,A,-0.5,0,5
1,33,A,-0.5,0,5
67,33,A,-0.5,0,3
29,33,A,-0.5,0,6
52,33,A,-0.5,0,3
62,33,A,-0.5,0,2
50,33,A,-0.5,0,5
4,33,A,-0.5,0,5
9,33,A,-0.5,0,3
56,33,A,-0.5,0,3
49,33,A,-0.5,0,2
64,33,A,-0.5,0,1
47,33,A,-0.5,0,4
68,33,A,-0.5,0,1
63,33,A,-0.5,0,3
42,33,A,-0.5,0,3
31,33,A,-0.5,0,3
33,33,A,-0.5,0,1
57,33,A,-0.5,0,3
25,33,A,-0.5,0,4
45,33,A,-0.5,0,1
30,33,A,-0.5,0,6
18,33,A,-0.5,0,4
40,33,A,-0.5,0,4
65,33,A,-0.5,0,1
66,34,A,-0.5,0,2
20,34,A,-0.5,0,3
22,34,A,-0.5,0,2
69,34,A,-0.5,0,1
7,34,A,-0.5,0,2
41,34,A,-0.5,0,3
60,34,A,-0.5,0,2
19,34,A,-0.5,0,4
59,34,A,-0.5,0,3
15,34,A,-0.5,0,3
51,34,A,-0.5,0,2
8,34,A,-0.5,0,5
32,34,A,-0.5,0,3
6,34,A,-0.5,0,5
28,34,A,-0.5,0,3
10,34,A,-0.5,0,2
26,34,A,-0.5,0,6
53,34,A,-0.5,0,2
46,34,A,-0.5,0,4
24,34,A,-0.5,0,4
34,34,A,-0.5,0,1
16,34,A,-0.5,0,4
58,34,A,-0.5,0,2
12,34,A,-0.5,0,3
39,34,A,-0.5,0,4
38,34,A,-0.5,0,2
37,34,A,-0.5,0,3
43,34,A,-0.5,0,2
3,34,A,-0.5,0,1
54,34,A,-0.5,0,4
11,34,A,-0.5,0,4
61,34,A,-0.5,0,2
13,34,A,-0.5,0,2
70,34,A,-0.5,0,6
44,34,A,-0.5,0,3
14,34,A,-0.5,0,2
17,34,A,-0.5,0,5
27,34,A,-0.5,0,2
55,34,A,-0.5,0,3
36,34,A,-0.5,0,3
5,34,A,-0.5,0,4
21,34,A,-0.5,0,2
48,34,A,-0.5,0,1
23,34,A,-0.5,0,2
2,34,A,-0.5,0,7
35,34,A,-0.5,0,5
1,34,A,-0.5,0,5
67,34,A,-0.5,0,4
29,34,A,-0.5,0,6
52,34,A,-0.5,0,6
62,34,A,-0.5,0,5
50,34,A,-0.5,0,6
4,34,A,-0.5,0,4
9,34,A,-0.5,0,3
56,34,A,-0.5,0,5
49,34,A,-0.5,0,4
64,34,A,-0.5,0,2
47,34,A,-0.5,0,2
68,34,A,-0.5,0,1
63,34,A,-0.5,0,1
42,34,A,-0.5,0,2
31,34,A,-0.5,0,3
33,34,A,-0.5,0,1
57,34,A,-0.5,0,1
25,34,A,-0.5,0,5
45,34,A,-0.5,0,5
30,34,A,-0.5,0,5
18,34,A,-0.5,0,2
40,34,A,-0.5,0,2
65,34,A,-0.5,0,1
66,37,A,-0.5,0,2
20,37,A,-0.5,0,6
22,37,A,-0.5,0,2
69,37,A,-0.5,0,2
7,37,A,-0.5,0,2
41,37,A,-0.5,0,1
60,37,A,-0.5,0,3
19,37,A,-0.5,0,1
59,37,A,-0.5,0,1
15,37,A,-0.5,0,1
51,37,A,-0.5,0,1
8,37,A,-0.5,0,3
32,37,A,-0.5,0,1
6,37,A,-0.5,0,1
28,37,A,-0.5,0,2
10,37,A,-0.5,0,2
26,37,A,-0.5,0,5
53,37,A,-0.5,0,1
46,37,A,-0.5,0,3
24,37,A,-0.5,0,1
34,37,A,-0.5,0,1
16,37,A,-0.5,0,1
58,37,A,-0.5,0,1
12,37,A,-0.5,0,4
39,37,A,-0.5,0,4
38,37,A,-0.5,0,3
37,37,A,-0.5,0,6
43,37,A,-0.5,0,1
3,37,A,-0.5,0,3
54,37,A,-0.5,0,1
11,37,A,-0.5,0,2
61,37,A,-0.5,0,1
13,37,A,-0.5,0,1
70,37,A,-0.5,0,1
44,37,A,-0.5,0,1
14,37,A,-0.5,0,2
17,37,A,-0.5,0,1
27,37,A,-0.5,0,3
55,37,A,-0.5,0,2
36,37,A,-0.5,0,2
5,37,A,-0.5,0,2
21,37,A,-0.5,0,3
48,37,A,-0.5,0,1
23,37,A,-0.5,0,2
2,37,A,-0.5,0,6
35,37,A,-0.5,0,1
1,37,A,-0.5,0,5
67,37,A,-0.5,0,3
29,37,A,-0.5,0,6
52,37,A,-0.5,0,1
62,37,A,-0.5,0,1
50,37,A,-0.5,0,1
4,37,A,-0.5,0,4
9,37,A,-0.5,0,2
56,37,A,-0.5,0,1
49,37,A,-0.5,0,3
64,37,A,-0.5,0,1
47,37,A,-0.5,0,2
68,37,A,-0.5,0,1
63,37,A,-0.5,0,2
42,37,A,-0.5,0,1
31,37,A,-0.5,0,2
33,37,A,-0.5,0,2
57,37,A,-0.5,0,1
25,37,A,-0.5,0,3
45,37,A,-0.5,0,1
30,37,A,-0.5,0,4
18,37,A,-0.5,0,2
40,37,A,-0.5,0,2
65,37,A,-0.5,0,6
66,41,A,-0.5,0,3
20,41,A,-0.5,0,5
22,41,A,-0.5,0,5
69,41,A,-0.5,0,1
7,41,A,-0.5,0,2
41,41,A,-0.5,0,2
60,41,A,-0.5,0,4
19,41,A,-0.5,0,2
59,41,A,-0.5,0,2
15,41,A,-0.5,0,6
51,41,A,-0.5,0,3
8,41,A,-0.5,0,3
32,41,A,-0.5,0,5
6,41,A,-0.5,0,5
28,41,A,-0.5,0,2
10,41,A,-0.5,0,2
26,41,A,-0.5,0,5
53,41,A,-0.5,0,1
46,41,A,-0.5,0,3
24,41,A,-0.5,0,2
34,41,A,-0.5,0,1
16,41,A,-0.5,0,2
58,41,A,-0.5,0,1
12,41,A,-0.5,0,2
39,41,A,-0.5,0,4
38,41,A,-0.5,0,5
37,41,A,-0.5,0,6
43,41,A,-0.5,0,3
3,41,A,-0.5,0,4
54,41,A,-0.5,0,1
11,41,A,-0.5,0,1
61,41,A,-0.5,0,3
13,41,A,-0.5,0,1
70,41,A,-0.5,0,4
44,41,A,-0.5,0,4
14,41,A,-0.5,0,2
17,41,A,-0.5,0,3
27,41,A,-0.5,0,4
55,41,A,-0.5,0,5
36,41,A,-0.5,0,3
5,41,A,-0.5,0,2
21,41,A,-0.5,0,2
48,41,A,-0.5,0,4
23,41,A,-0.5,0,2
2,41,A,-0.5,0,3
35,41,A,-0.5,0,5
1,41,A,-0.5,0,5
67,41,A,-0.5,0,5
29,41,A,-0.5,0,6
52,41,A,-0.5,0,1
62,41,A,-0.5,0,6
50,41,A,-0.5,0,6
4,41,A,-0.5,0,5
9,41,A,-0.5,0,4
56,41,A,-0.5,0,7
49,41,A,-0.5,0,3
64,41,A,-0.5,0,1
47,41,A,-0.5,0,5
68,41,A,-0.5,0,2
63,41,A,-0.5,0,4
42,41,A,-0.5,0,3
31,41,A,-0.5,0,3
33,41,A,-0.5,0,1
57,41,A,-0.5,0,1
25,41,A,-0.5,0,4
45,41,A,-0.5,0,1
30,41,A,-0.5,0,5
18,41,A,-0.5,0,3
40,41,A,-0.5,0,5
65,41,A,-0.5,0,1
66,44,A,-0.5,0,5
20,44,A,-0.5,0,6
22,44,A,-0.5,0,5
69,44,A,-0.5,0,5
7,44,A,-0.5,0,2
41,44,A,-0.5,0,2
60,44,A,-0.5,0,4
19,44,A,-0.5,0,4
59,44,A,-0.5,0,2
15,44,A,-0.5,0,6
51,44,A,-0.5,0,1
8,44,A,-0.5,0,3
32,44,A,-0.5,0,2
6,44,A,-0.5,0,1
28,44,A,-0.5,0,3
10,44,A,-0.5,0,2
26,44,A,-0.5,0,5
53,44,A,-0.5,0,1
46,44,A,-0.5,0,2
24,44,A,-0.5,0,3
34,44,A,-0.5,0,1
16,44,A,-0.5,0,3
58,44,A,-0.5,0,1
12,44,A,-0.5,0,2
39,44,A,-0.5,0,4
38,44,A,-0.5,0,4
37,44,A,-0.5,0,5
43,44,A,-0.5,0,2
3,44,A,-0.5,0,2
54,44,A,-0.5,0,3
11,44,A,-0.5,0,1
61,44,A,-0.5,0,2
13,44,A,-0.5,0,1
70,44,A,-0.5,0,5
44,44,A,-0.5,0,2
14,44,A,-0.5,0,2
17,44,A,-0.5,0,3
27,44,A,-0.5,0,3
55,44,A,-0.5,0,3
36,44,A,-0.5,0,3
5,44,A,-0.5,0,4
21,44,A,-0.5,0,2
48,44,A,-0.5,0,2
23,44,A,-0.5,0,4
2,44,A,-0.5,0,5
35,44,A,-0.5,0,7
1,44,A,-0.5,0,5
67,44,A,-0.5,0,2
29,44,A,-0.5,0,6
52,44,A,-0.5,0,1
62,44,A,-0.5,0,5
50,44,A,-0.5,0,1
4,44,A,-0.5,0,4
9,44,A,-0.5,0,4
56,44,A,-0.5,0,5
49,44,A,-0.5,0,3
64,44,A,-0.5,0,1
47,44,A,-0.5,0,2
68,44,A,-0.5,0,1
63,44,A,-0.5,0,2
42,44,A,-0.5,0,5
31,44,A,-0.5,0,5
33,44,A,-0.5,0,1
57,44,A,-0.5,0,5
25,44,A,-0.5,0,4
45,44,A,-0.5,0,1
30,44,A,-0.5,0,6
18,44,A,-0.5,0,2
40,44,A,-0.5,0,3
65,44,A,-0.5,0,2
66,46,A,-0.5,0,6
20,46,A,-0.5,0,7
22,46,A,-0.5,0,7
69,46,A,-0.5,0,7
7,46,A,-0.5,0,6
41,46,A,-0.5,0,7
60,46,A,-0.5,0,6
19,46,A,-0.5,0,6
59,46,A,-0.5,0,7
15,46,A,-0.5,0,7
51,46,A,-0.5,0,6
8,46,A,-0.5,0,7
32,46,A,-0.5,0,5
6,46,A,-0.5,0,6
28,46,A,-0.5,0,5
10,46,A,-0.5,0,7
26,46,A,-0.5,0,7
53,46,A,-0.5,0,7
46,46,A,-0.5,0,7
24,46,A,-0.5,0,6
34,46,A,-0.5,0,7
16,46,A,-0.5,0,6
58,46,A,-0.5,0,5
12,46,A,-0.5,0,4
39,46,A,-0.5,0,7
38,46,A,-0.5,0,4
37,46,A,-0.5,0,7
43,46,A,-0.5,0,7
3,46,A,-0.5,0,7
54,46,A,-0.5,0,7
11,46,A,-0.5,0,5
61,46,A,-0.5,0,7
13,46,A,-0.5,0,7
70,46,A,-0.5,0,6
44,46,A,-0.5,0,7
14,46,A,-0.5,0,3
17,46,A,-0.5,0,6
27,46,A,-0.5,0,7
55,46,A,-0.5,0,5
36,46,A,-0.5,0,6
5,46,A,-0.5,0,5
21,46,A,-0.5,0,3
48,46,A,-0.5,0,5
23,46,A,-0.5,0,5
2,46,A,-0.5,0,7
35,46,A,-0.5,0,6
1,46,A,-0.5,0,6
67,46,A,-0.5,0,6
29,46,A,-0.5,0,6
52,46,A,-0.5,0,7
62,46,A,-0.5,0,6
50,46,A,-0.5,0,7
4,46,A,-0.5,0,6
9,46,A,-0.5,0,5
56,46,A,-0.5,0,7
49,46,A,-0.5,0,5
64,46,A,-0.5,0,1
47,46,A,-0.5,0,7
68,46,A,-0.5,0,7
63,46,A,-0.5,0,1
42,46,A,-0.5,0,6
31,46,A,-0.5,0,2
33,46,A,-0.5,0,7
57,46,A,-0.5,0,7
25,46,A,-0.5,0,7
45,46,A,-0.5,0,3
30,46,A,-0.5,0,4
18,46,A,-0.5,0,6
40,46,A,-0.5,0,7
65,46,A,-0.5,0,7
66,47,A,-0.5,0,5
20,47,A,-0.5,0,3
22,47,A,-0.5,0,2
69,47,A,-0.5,0,2
7,47,A,-0.5,0,2
41,47,A,-0.5,0,5
60,47,A,-0.5,0,3
19,47,A,-0.5,0,2
59,47,A,-0.5,0,3
15,47,A,-0.5,0,6
51,47,A,-0.5,0,1
8,47,A,-0.5,0,2
32,47,A,-0.5,0,4
6,47,A,-0.5,0,1
28,47,A,-0.5,0,3
10,47,A,-0.5,0,2
26,47,A,-0.5,0,4
53,47,A,-0.5,0,1
46,47,A,-0.5,0,5
24,47,A,-0.5,0,2
34,47,A,-0.5,0,1
16,47,A,-0.5,0,1
58,47,A,-0.5,0,2
12,47,A,-0.5,0,4
39,47,A,-0.5,0,3
38,47,A,-0.5,0,4
37,47,A,-0.5,0,6
43,47,A,-0.5,0,1
3,47,A,-0.5,0,5
54,47,A,-0.5,0,5
11,47,A,-0.5,0,2
61,47,A,-0.5,0,4
13,47,A,-0.5,0,1
70,47,A,-0.5,0,2
44,47,A,-0.5,0,7
14,47,A,-0.5,0,3
17,47,A,-0.5,0,3
27,47,A,-0.5,0,1
55,47,A,-0.5,0,5
36,47,A,-0.5,0,5
5,47,A,-0.5,0,6
21,47,A,-0.5,0,3
48,47,A,-0.5,0,2
23,47,A,-0.5,0,2
2,47,A,-0.5,0,3
35,47,A,-0.5,0,2
1,47,A,-0.5,0,3
67,47,A,-0.5,0,5
29,47,A,-0.5,0,3
52,47,A,-0.5,0,4
62,47,A,-0.5,0,1
50,47,A,-0.5,0,3
4,47,A,-0.5,0,4
9,47,A,-0.5,0,2
56,47,A,-0.5,0,5
49,47,A,-0.5,0,4
64,47,A,-0.5,0,2
47,47,A,-0.5,0,2
68,47,A,-0.5,0,1
63,47,A,-0.5,0,2
42,47,A,-0.5,0,1
31,47,A,-0.5,0,2
33,47,A,-0.5,0,2
57,47,A,-0.5,0,2
25,47,A,-0.5,0,4
45,47,A,-0.5,0,2
30,47,A,-0.5,0,5
18,47,A,-0.5,0,2
40,47,A,-0.5,0,4
65,47,A,-0.5,0,4
66,48,A,-0.5,0,2
20,48,A,-0.5,0,5
22,48,A,-0.5,0,6
69,48,A,-0.5,0,2
7,48,A,-0.5,0,1
41,48,A,-0.5,0,1
60,48,A,-0.5,0,2
19,48,A,-0.5,0,1
59,48,A,-0.5,0,1
15,48,A,-0.5,0,4
51,48,A,-0.5,0,1
8,48,A,-0.5,0,2
32,48,A,-0.5,0,1
6,48,A,-0.5,0,1
28,48,A,-0.5,0,2
10,48,A,-0.5,0,1
26,48,A,-0.5,0,2
53,48,A,-0.5,0,1
46,48,A,-0.5,0,1
24,48,A,-0.5,0,1
34,48,A,-0.5,0,1
16,48,A,-0.5,0,2
58,48,A,-0.5,0,1
12,48,A,-0.5,0,1
39,48,A,-0.5,0,2
38,48,A,-0.5,0,1
37,48,A,-0.5,0,1
43,48,A,-0.5,0,1
3,48,A,-0.5,0,1
54,48,A,-0.5,0,1
11,48,A,-0.5,0,1
61,48,A,-0.5,0,1
13,48,A,-0.5,0,1
70,48,A,-0.5,0,1
44,48,A,-0.5,0,1
14,48,A,-0.5,0,2
17,48,A,-0.5,0,1
27,48,A,-0.5,0,1
55,48,A,-0.5,0,3
36,48,A,-0.5,0,3
5,48,A,-0.5,0,1
21,48,A,-0.5,0,3
48,48,A,-0.5,0,3
23,48,A,-0.5,0,2
2,48,A,-0.5,0,1
35,48,A,-0.5,0,1
1,48,A,-0.5,0,5
67,48,A,-0.5,0,1
29,48,A,-0.5,0,5
52,48,A,-0.5,0,1
62,48,A,-0.5,0,1
50,48,A,-0.5,0,1
4,48,A,-0.5,0,2
9,48,A,-0.5,0,2
56,48,A,-0.5,0,1
49,48,A,-0.5,0,4
64,48,A,-0.5,0,2
47,48,A,-0.5,0,1
68,48,A,-0.5,0,1
63,48,A,-0.5,0,2
42,48,A,-0.5,0,1
31,48,A,-0.5,0,3
33,48,A,-0.5,0,1
57,48,A,-0.5,0,2
25,48,A,-0.5,0,2
45,48,A,-0.5,0,1
30,48,A,-0.5,0,6
18,48,A,-0.5,0,1
40,48,A,-0.5,0,1
65,48,A,-0.5,0,1
66,49,A,-0.5,0,2
20,49,A,-0.5,0,7
22,49,A,-0.5,0,4
69,49,A,-0.5,0,1
7,49,A,-0.5,0,1
41,49,A,-0.5,0,4
60,49,A,-0.5,0,3
19,49,A,-0.5,0,1
59,49,A,-0.5,0,6
15,49,A,-0.5,0,3
51,49,A,-0.5,0,1
8,49,A,-0.5,0,2
32,49,A,-0.5,0,3
6,49,A,-0.5,0,1
28,49,A,-0.5,0,4
10,49,A,-0.5,0,1
26,49,A,-0.5,0,6
53,49,A,-0.5,0,3
46,49,A,-0.5,0,3
24,49,A,-0.5,0,2
34,49,A,-0.5,0,1
16,49,A,-0.5,0,2
58,49,A,-0.5,0,1
12,49,A,-0.5,0,3
39,49,A,-0.5,0,4
38,49,A,-0.5,0,2
37,49,A,-0.5,0,3
43,49,A,-0.5,0,4
3,49,A,-0.5,0,2
54,49,A,-0.5,0,2
11,49,A,-0.5,0,4
61,49,A,-0.5,0,5
13,49,A,-0.5,0,1
70,49,A,-0.5,0,6
44,49,A,-0.5,0,4
14,49,A,-0.5,0,2
17,49,A,-0.5,0,2
27,49,A,-0.5,0,4
55,49,A,-0.5,0,4
36,49,A,-0.5,0,3
5,49,A,-0.5,0,1
21,49,A,-0.5,0,3
48,49,A,-0.5,0,1
23,49,A,-0.5,0,4
2,49,A,-0.5,0,1
35,49,A,-0.5,0,7
1,49,A,-0.5,0,5
67,49,A,-0.5,0,5
29,49,A,-0.5,0,6
52,49,A,-0.5,0,2
62,49,A,-0.5,0,6
50,49,A,-0.5,0,5
4,49,A,-0.5,0,4
9,49,A,-0.5,0,3
56,49,A,-0.5,0,5
49,49,A,-0.5,0,5
64,49,A,-0.5,0,1
47,49,A,-0.5,0,3
68,49,A,-0.5,0,1
63,49,A,-0.5,0,2
42,49,A,-0.5,0,3
31,49,A,-0.5,0,3
33,49,A,-0.5,0,1
57,49,A,-0.5,0,1
25,49,A,-0.5,0,4
45,49,A,-0.5,0,3
30,49,A,-0.5,0,5
18,49,A,-0.5,0,3
40,49,A,-0.5,0,5
65,49,A,-0.5,0,2
66,50,A,-0.5,0,4
20,50,A,-0.5,0,6
22,50,A,-0.5,0,4
69,50,A,-0.5,0,5
7,50,A,-0.5,0,2
41,50,A,-0.5,0,6
60,50,A,-0.5,0,1
19,50,A,-0.5,0,1
59,50,A,-0.5,0,7
15,50,A,-0.5,0,7
51,50,A,-0.5,0,4
8,50,A,-0.5,0,5
32,50,A,-0.5,0,2
6,50,A,-0.5,0,2
28,50,A,-0.5,0,3
10,50,A,-0.5,0,4
26,50,A,-0.5,0,3
53,50,A,-0.5,0,4
46,50,A,-0.5,0,3
24,50,A,-0.5,0,2
34,50,A,-0.5,0,1
16,50,A,-0.5,0,1
58,50,A,-0.5,0,2
12,50,A,-0.5,0,4
39,50,A,-0.5,0,4
38,50,A,-0.5,0,4
37,50,A,-0.5,0,5
43,50,A,-0.5,0,4
3,50,A,-0.5,0,2
54,50,A,-0.5,0,5
11,50,A,-0.5,0,2
61,50,A,-0.5,0,5
13,50,A,-0.5,0,4
70,50,A,-0.5,0,7
44,50,A,-0.5,0,7
14,50,A,-0.5,0,2
17,50,A,-0.5,0,4
27,50,A,-0.5,0,2
55,50,A,-0.5,0,4
36,50,A,-0.5,0,3
5,50,A,-0.5,0,6
21,50,A,-0.5,0,4
48,50,A,-0.5,0,1
23,50,A,-0.5,0,3
2,50,A,-0.5,0,7
35,50,A,-0.5,0,4
1,50,A,-0.5,0,5
67,50,A,-0.5,0,6
29,50,A,-0.5,0,6
52,50,A,-0.5,0,6
62,50,A,-0.5,0,6
50,50,A,-0.5,0,5
4,50,A,-0.5,0,4
9,50,A,-0.5,0,3
56,50,A,-0.5,0,2
49,50,A,-0.5,0,5
64,50,A,-0.5,0,2
47,50,A,-0.5,0,5
68,50,A,-0.5,0,1
63,50,A,-0.5,0,2
42,50,A,-0.5,0,5
31,50,A,-0.5,0,7
33,50,A,-0.5,0,3
57,50,A,-0.5,0,6
25,50,A,-0.5,0,4
45,50,A,-0.5,0,1
30,50,A,-0.5,0,5
18,50,A,-0.5,0,2
40,50,A,-0.5,0,4
65,50,A,-0.5,0,3
66,51,A,-0.5,0,3
20,51,A,-0.5,0,2
22,51,A,-0.5,0,5
69,51,A,-0.5,0,2
7,51,A,-0.5,0,3
41,51,A,-0.5,0,4
60,51,A,-0.5,0,4
19,51,A,-0.5,0,1
59,51,A,-0.5,0,6
15,51,A,-0.5,0,5
51,51,A,-0.5,0,1
8,51,A,-0.5,0,2
32,51,A,-0.5,0,3
6,51,A,-0.5,0,1
28,51,A,-0.5,0,2
10,51,A,-0.5,0,3
26,51,A,-0.5,0,5
53,51,A,-0.5,0,3
46,51,A,-0.5,0,2
24,51,A,-0.5,0,2
34,51,A,-0.5,0,1
16,51,A,-0.5,0,1
58,51,A,-0.5,0,2
12,51,A,-0.5,0,2
39,51,A,-0.5,0,4
38,51,A,-0.5,0,3
37,51,A,-0.5,0,1
43,51,A,-0.5,0,5
3,51,A,-0.5,0,2
54,51,A,-0.5,0,4
11,51,A,-0.5,0,2
61,51,A,-0.5,0,5
13,51,A,-0.5,0,1
70,51,A,-0.5,0,1
44,51,A,-0.5,0,2
14,51,A,-0.5,0,2
17,51,A,-0.5,0,1
27,51,A,-0.5,0,3
55,51,A,-0.5,0,5
36,51,A,-0.5,0,5
5,51,A,-0.5,0,6
21,51,A,-0.5,0,3
48,51,A,-0.5,0,1
23,51,A,-0.5,0,2
2,51,A,-0.5,0,4
35,51,A,-0.5,0,4
1,51,A,-0.5,0,5
67,51,A,-0.5,0,5
29,51,A,-0.5,0,3
52,51,A,-0.5,0,4
62,51,A,-0.5,0,7
50,51,A,-0.5,0,5
4,51,A,-0.5,0,6
9,51,A,-0.5,0,3
56,51,A,-0.5,0,1
49,51,A,-0.5,0,4
64,51,A,-0.5,0,3
47,51,A,-0.5,0,5
68,51,A,-0.5,0,1
63,51,A,-0.5,0,3
42,51,A,-0.5,0,6
31,51,A,-0.5,0,3
33,51,A,-0.5,0,1
57,51,A,-0.5,0,2
25,51,A,-0.5,0,4
45,51,A,-0.5,0,1
30,51,A,-0.5,0,5
18,51,A,-0.5,0,3
40,51,A,-0.5,0,6
65,51,A,-0.5,0,4
66,56,A,-0.5,0,3
20,56,A,-0.5,0,6
22,56,A,-0.5,0,6
69,56,A,-0.5,0,5
7,56,A,-0.5,0,1
41,56,A,-0.5,0,6
60,56,A,-0.5,0,3
19,56,A,-0.5,0,2
59,56,A,-0.5,0,7
15,56,A,-0.5,0,7
51,56,A,-0.5,0,5
8,56,A,-0.5,0,4
32,56,A,-0.5,0,5
6,56,A,-0.5,0,5
28,56,A,-0.5,0,4
10,56,A,-0.5,0,6
26,56,A,-0.5,0,5
53,56,A,-0.5,0,2
46,56,A,-0.5,0,5
24,56,A,-0.5,0,6
34,56,A,-0.5,0,7
16,56,A,-0.5,0,6
58,56,A,-0.5,0,5
12,56,A,-0.5,0,5
39,56,A,-0.5,0,6
38,56,A,-0.5,0,5
37,56,A,-0.5,0,3
43,56,A,-0.5,0,6
3,56,A,-0.5,0,7
54,56,A,-0.5,0,7
11,56,A,-0.5,0,3
61,56,A,-0.5,0,5
13,56,A,-0.5,0,2
70,56,A,-0.5,0,6
44,56,A,-0.5,0,6
14,56,A,-0.5,0,2
17,56,A,-0.5,0,2
27,56,A,-0.5,0,4
55,56,A,-0.5,0,3
36,56,A,-0.5,0,4
5,56,A,-0.5,0,5
21,56,A,-0.5,0,3
48,56,A,-0.5,0,1
23,56,A,-0.5,0,4
2,56,A,-0.5,0,1
35,56,A,-0.5,0,3
1,56,A,-0.5,0,7
67,56,A,-0.5,0,6
29,56,A,-0.5,0,6
52,56,A,-0.5,0,3
62,56,A,-0.5,0,6
50,56,A,-0.5,0,6
4,56,A,-0.5,0,5
9,56,A,-0.5,0,3
56,56,A,-0.5,0,6
49,56,A,-0.5,0,5
64,56,A,-0.5,0,2
47,56,A,-0.5,0,5
68,56,A,-0.5,0,5
63,56,A,-0.5,0,2
42,56,A,-0.5,0,6
31,56,A,-0.5,0,7
33,56,A,-0.5,0,2
57,56,A,-0.5,0,4
25,56,A,-0.5,0,5
45,56,A,-0.5,0,2
30,56,A,-0.5,0,5
18,56,A,-0.5,0,6
40,56,A,-0.5,0,6
65,56,A,-0.5,0,4
66,57,A,-0.5,0,4
20,57,A,-0.5,0,7
22,57,A,-0.5,0,1
69,57,A,-0.5,0,5
7,57,A,-0.5,0,2
41,57,A,-0.5,0,4
60,57,A,-0.5,0,1
19,57,A,-0.5,0,1
59,57,A,-0.5,0,3
15,57,A,-0.5,0,3
51,57,A,-0.5,0,1
8,57,A,-0.5,0,1
32,57,A,-0.5,0,1
6,57,A,-0.5,0,1
28,57,A,-0.5,0,3
10,57,A,-0.5,0,2
26,57,A,-0.5,0,5
53,57,A,-0.5,0,1
46,57,A,-0.5,0,2
24,57,A,-0.5,0,2
34,57,A,-0.5,0,1
16,57,A,-0.5,0,1
58,57,A,-0.5,0,1
12,57,A,-0.5,0,1
39,57,A,-0.5,0,5
38,57,A,-0.5,0,5
37,57,A,-0.5,0,3
43,57,A,-0.5,0,2
3,57,A,-0.5,0,1
54,57,A,-0.5,0,1
11,57,A,-0.5,0,4
61,57,A,-0.5,0,2
13,57,A,-0.5,0,1
70,57,A,-0.5,0,5
44,57,A,-0.5,0,4
14,57,A,-0.5,0,2
17,57,A,-0.5,0,2
27,57,A,-0.5,0,1
55,57,A,-0.5,0,3
36,57,A,-0.5,0,5
5,57,A,-0.5,0,4
21,57,A,-0.5,0,3
48,57,A,-0.5,0,1
23,57,A,-0.5,0,3
2,57,A,-0.5,0,3
35,57,A,-0.5,0,4
1,57,A,-0.5,0,5
67,57,A,-0.5,0,3
29,57,A,-0.5,0,6
52,57,A,-0.5,0,4
62,57,A,-0.5,0,1
50,57,A,-0.5,0,2
4,57,A,-0.5,0,4
9,57,A,-0.5,0,3
56,57,A,-0.5,0,4
49,57,A,-0.5,0,4
64,57,A,-0.5,0,2
47,57,A,-0.5,0,3
68,57,A,-0.5,0,1
63,57,A,-0.5,0,2
42,57,A,-0.5,0,2
31,57,A,-0.5,0,2
33,57,A,-0.5,0,1
57,57,A,-0.5,0,4
25,57,A,-0.5,0,4
45,57,A,-0.5,0,2
30,57,A,-0.5,0,5
18,57,A,-0.5,0,1
40,57,A,-0.5,0,5
65,57,A,-0.5,0,1
66,61,A,-0.5,0,5
20,61,A,-0.5,0,4
22,61,A,-0.5,0,3
69,61,A,-0.5,0,5
7,61,A,-0.5,0,2
41,61,A,-0.5,0,7
60,61,A,-0.5,0,5
19,61,A,-0.5,0,2
59,61,A,-0.5,0,7
15,61,A,-0.5,0,5
51,61,A,-0.5,0,6
8,61,A,-0.5,0,4
32,61,A,-0.5,0,4
6,61,A,-0.5,0,6
28,61,A,-0.5,0,4
10,61,A,-0.5,0,7
26,61,A,-0.5,0,6
53,61,A,-0.5,0,1
46,61,A,-0.5,0,6
24,61,A,-0.5,0,4
34,61,A,-0.5,0,5
16,61,A,-0.5,0,2
58,61,A,-0.5,0,3
12,61,A,-0.5,0,5
39,61,A,-0.5,0,5
38,61,A,-0.5,0,3
37,61,A,-0.5,0,6
43,61,A,-0.5,0,7
3,61,A,-0.5,0,5
54,61,A,-0.5,0,6
11,61,A,-0.5,0,3
61,61,A,-0.5,0,4
13,61,A,-0.5,0,6
70,61,A,-0.5,0,6
44,61,A,-0.5,0,6
14,61,A,-0.5,0,3
17,61,A,-0.5,0,4
27,61,A,-0.5,0,6
55,61,A,-0.5,0,3
36,61,A,-0.5,0,5
5,61,A,-0.5,0,1
21,61,A,-0.5,0,4
48,61,A,-0.5,0,4
23,61,A,-0.5,0,2
2,61,A,-0.5,0,6
35,61,A,-0.5,0,6
1,61,A,-0.5,0,6
67,61,A,-0.5,0,5
29,61,A,-0.5,0,6
52,61,A,-0.5,0,7
62,61,A,-0.5,0,5
50,61,A,-0.5,0,6
4,61,A,-0.5,0,4
9,61,A,-0.5,0,5
56,61,A,-0.5,0,4
49,61,A,-0.5,0,6
64,61,A,-0.5,0,2
47,61,A,-0.5,0,5
68,61,A,-0.5,0,5
63,61,A,-0.5,0,1
42,61,A,-0.5,0,1
31,61,A,-0.5,0,7
33,61,A,-0.5,0,5
57,61,A,-0.5,0,5
25,61,A,-0.5,0,4
45,61,A,-0.5,0,3
30,61,A,-0.5,0,6
18,61,A,-0.5,0,6
40,61,A,-0.5,0,5
65,61,A,-0.5,0,3
66,66,B,0.25,-0.5,2
20,66,B,0.25,-0.5,6
22,66,B,0.25,-0.5,5
69,66,B,0.25,-0.5,2
7,66,B,0.25,-0.5,2
41,66,B,0.25,-0.5,5
60,66,B,0.25,-0.5,3
19,66,B,0.25,-0.5,2
59,66,B,0.25,-0.5,5
15,66,B,0.25,-0.5,6
51,66,B,0.25,-0.5,5
8,66,B,0.25,-0.5,3
32,66,B,0.25,-0.5,2
6,66,B,0.25,-0.5,4
28,66,B,0.25,-0.5,3
10,66,B,0.25,-0.5,3
26,66,B,0.25,-0.5,4
53,66,B,0.25,-0.5,1
46,66,B,0.25,-0.5,2
24,66,B,0.25,-0.5,2
34,66,B,0.25,-0.5,5
16,66,B,0.25,-0.5,1
58,66,B,0.25,-0.5,3
12,66,B,0.25,-0.5,3
39,66,B,0.25,-0.5,6
38,66,B,0.25,-0.5,2
37,66,B,0.25,-0.5,5
43,66,B,0.25,-0.5,2
3,66,B,0.25,-0.5,1
54,66,B,0.25,-0.5,2
11,66,B,0.25,-0.5,3
61,66,B,0.25,-0.5,5
13,66,B,0.25,-0.5,2
70,66,B,0.25,-0.5,5
44,66,B,0.25,-0.5,6
14,66,B,0.25,-0.5,2
17,66,B,0.25,-0.5,3
27,66,B,0.25,-0.5,6
55,66,B,0.25,-0.5,4
36,66,B,0.25,-0.5,4
5,66,B,0.25,-0.5,2
21,66,B,0.25,-0.5,3
48,66,B,0.25,-0.5,1
23,66,B,0.25,-0.5,3
2,66,B,0.25,-0.5,4
35,66,B,0.25,-0.5,5
1,66,B,0.25,-0.5,5
67,66,B,0.25,-0.5,2
29,66,B,0.25,-0.5,5
52,66,B,0.25,-0.5,6
62,66,B,0.25,-0.5,5
50,66,B,0.25,-0.5,3
4,66,B,0.25,-0.5,3
9,66,B,0.25,-0.5,3
56,66,B,0.25,-0.5,6
49,66,B,0.25,-0.5,2
64,66,B,0.25,-0.5,1
47,66,B,0.25,-0.5,4
68,66,B,0.25,-0.5,1
63,66,B,0.25,-0.5,2
42,66,B,0.25,-0.5,3
31,66,B,0.25,-0.5,3
33,66,B,0.25,-0.5,1
57,66,B,0.25,-0.5,6
25,66,B,0.25,-0.5,5
45,66,B,0.25,-0.5,4
30,66,B,0.25,-0.5,5
18,66,B,0.25,-0.5,5
40,66,B,0.25,-0.5,4
65,66,B,0.25,-0.5,3
66,1,B,0.25,-0.5,4
20,1,B,0.25,-0.5,3
22,1,B,0.25,-0.5,6
69,1,B,0.25,-0.5,4
7,1,B,0.25,-0.5,2
41,1,B,0.25,-0.5,4
60,1,B,0.25,-0.5,4
19,1,B,0.25,-0.5,1
59,1,B,0.25,-0.5,5
15,1,B,0.25,-0.5,6
51,1,B,0.25,-0.5,6
8,1,B,0.25,-0.5,3
32,1,B,0.25,-0.5,3
6,1,B,0.25,-0.5,1
28,1,B,0.25,-0.5,2
10,1,B,0.25,-0.5,1
26,1,B,0.25,-0.5,4
53,1,B,0.25,-0.5,5
46,1,B,0.25,-0.5,4
24,1,B,0.25,-0.5,2
34,1,B,0.25,-0.5,1
16,1,B,0.25,-0.5,2
58,1,B,0.25,-0.5,1
12,1,B,0.25,-0.5,3
39,1,B,0.25,-0.5,3
38,1,B,0.25,-0.5,3
37,1,B,0.25,-0.5,3
43,1,B,0.25,-0.5,3
3,1,B,0.25,-0.5,4
54,1,B,0.25,-0.5,1
11,1,B,0.25,-0.5,2
61,1,B,0.25,-0.5,6
13,1,B,0.25,-0.5,4
70,1,B,0.25,-0.5,1
44,1,B,0.25,-0.5,6
14,1,B,0.25,-0.5,2
17,1,B,0.25,-0.5,4
27,1,B,0.25,-0.5,2
55,1,B,0.25,-0.5,5
36,1,B,0.25,-0.5,3
5,1,B,0.25,-0.5,2
21,1,B,0.25,-0.5,2
48,1,B,0.25,-0.5,1
23,1,B,0.25,-0.5,2
2,1,B,0.25,-0.5,6
35,1,B,0.25,-0.5,5
1,1,B,0.25,-0.5,6
67,1,B,0.25,-0.5,4
29,1,B,0.25,-0.5,6
52,1,B,0.25,-0.5,2
62,1,B,0.25,-0.5,5
50,1,B,0.25,-0.5,5
4,1,B,0.25,-0.5,5
9,1,B,0.25,-0.5,3
56,1,B,0.25,-0.5,3
49,1,B,0.25,-0.5,2
64,1,B,0.25,-0.5,2
47,1,B,0.25,-0.5,5
68,1,B,0.25,-0.5,1
63,1,B,0.25,-0.5,1
42,1,B,0.25,-0.5,5
31,1,B,0.25,-0.5,4
33,1,B,0.25,-0.5,1
57,1,B,0.25,-0.5,3
25,1,B,0.25,-0.5,2
45,1,B,0.25,-0.5,2
30,1,B,0.25,-0.5,5
18,1,B,0.25,-0.5,5
40,1,B,0.25,-0.5,4
65,1,B,0.25,-0.5,1
66,6,B,0.25,-0.5,6
20,6,B,0.25,-0.5,7
22,6,B,0.25,-0.5,7
69,6,B,0.25,-0.5,5
7,6,B,0.25,-0.5,2
41,6,B,0.25,-0.5,4
60,6,B,0.25,-0.5,4
19,6,B,0.25,-0.5,1
59,6,B,0.25,-0.5,5
15,6,B,0.25,-0.5,5
51,6,B,0.25,-0.5,5
8,6,B,0.25,-0.5,4
32,6,B,0.25,-0.5,5
6,6,B,0.25,-0.5,1
28,6,B,0.25,-0.5,4
10,6,B,0.25,-0.5,2
26,6,B,0.25,-0.5,7
53,6,B,0.25,-0.5,4
46,6,B,0.25,-0.5,5
24,6,B,0.25,-0.5,2
34,6,B,0.25,-0.5,5
16,6,B,0.25,-0.5,1
58,6,B,0.25,-0.5,1
12,6,B,0.25,-0.5,4
39,6,B,0.25,-0.5,2
38,6,B,0.25,-0.5,5
37,6,B,0.25,-0.5,3
43,6,B,0.25,-0.5,4
3,6,B,0.25,-0.5,7
54,6,B,0.25,-0.5,6
11,6,B,0.25,-0.5,3
61,6,B,0.25,-0.5,3
13,6,B,0.25,-0.5,4
70,6,B,0.25,-0.5,6
44,6,B,0.25,-0.5,6
14,6,B,0.25,-0.5,3
17,6,B,0.25,-0.5,3
27,6,B,0.25,-0.5,1
55,6,B,0.25,-0.5,4
36,6,B,0.25,-0.5,6
5,6,B,0.25,-0.5,1
21,6,B,0.25,-0.5,2
48,6,B,0.25,-0.5,2
23,6,B,0.25,-0.5,2
2,6,B,0.25,-0.5,5
35,6,B,0.25,-0.5,3
1,6,B,0.25,-0.5,5
67,6,B,0.25,-0.5,6
29,6,B,0.25,-0.5,4
52,6,B,0.25,-0.5,5
62,6,B,0.25,-0.5,7
50,6,B,0.25,-0.5,6
4,6,B,0.25,-0.5,5
9,6,B,0.25,-0.5,2
56,6,B,0.25,-0.5,7
49,6,B,0.25,-0.5,3
64,6,B,0.25,-0.5,2
47,6,B,0.25,-0.5,4
68,6,B,0.25,-0.5,4
63,6,B,0.25,-0.5,3
42,6,B,0.25,-0.5,4
31,6,B,0.25,-0.5,3
33,6,B,0.25,-0.5,3
57,6,B,0.25,-0.5,3
25,6,B,0.25,-0.5,4
45,6,B,0.25,-0.5,2
30,6,B,0.25,-0.5,4
18,6,B,0.25,-0.5,6
40,6,B,0.25,-0.5,5
65,6,B,0.25,-0.5,4
66,7,B,0.25,-0.5,4
20,7,B,0.25,-0.5,6
22,7,B,0.25,-0.5,6
69,7,B,0.25,-0.5,6
7,7,B,0.25,-0.5,2
41,7,B,0.25,-0.5,2
60,7,B,0.25,-0.5,4
19,7,B,0.25,-0.5,4
59,7,B,0.25,-0.5,6
15,7,B,0.25,-0.5,6
51,7,B,0.25,-0.5,5
8,7,B,0.25,-0.5,5
32,7,B,0.25,-0.5,5
6,7,B,0.25,-0.5,1
28,7,B,0.25,-0.5,2
10,7,B,0.25,-0.5,2
26,7,B,0.25,-0.5,6
53,7,B,0.25,-0.5,3
46,7,B,0.25,-0.5,4
24,7,B,0.25,-0.5,4
34,7,B,0.25,-0.5,6
16,7,B,0.25,-0.5,4
58,7,B,0.25,-0.5,1
12,7,B,0.25,-0.5,4
39,7,B,0.25,-0.5,3
38,7,B,0.25,-0.5,2
37,7,B,0.25,-0.5,4
43,7,B,0.25,-0.5,3
3,7,B,0.25,-0.5,5
54,7,B,0.25,-0.5,5
11,7,B,0.25,-0.5,3
61,7,B,0.25,-0.5,5
13,7,B,0.25,-0.5,2
70,7,B,0.25,-0.5,6
44,7,B,0.25,-0.5,6
14,7,B,0.25,-0.5,2
17,7,B,0.25,-0.5,5
27,7,B,0.25,-0.5,4
55,7,B,0.25,-0.5,4
36,7,B,0.25,-0.5,3
5,7,B,0.25,-0.5,1
21,7,B,0.25,-0.5,2
48,7,B,0.25,-0.5,1
23,7,B,0.25,-0.5,2
2,7,B,0.25,-0.5,3
35,7,B,0.25,-0.5,6
1,7,B,0.25,-0.5,5
67,7,B,0.25,-0.5,2
29,7,B,0.25,-0.5,6
52,7,B,0.25,-0.5,6
62,7,B,0.25,-0.5,6
50,7,B,0.25,-0.5,6
4,7,B,0.25,-0.5,5
9,7,B,0.25,-0.5,2
56,7,B,0.25,-0.5,6
49,7,B,0.25,-0.5,3
64,7,B,0.25,-0.5,3
47,7,B,0.25,-0.5,4
68,7,B,0.25,-0.5,1
63,7,B,0.25,-0.5,2
42,7,B,0.25,-0.5,3
31,7,B,0.25,-0.5,3
33,7,B,0.25,-0.5,5
57,7,B,0.25,-0.5,6
25,7,B,0.25,-0.5,4
45,7,B,0.25,-0.5,1
30,7,B,0.25,-0.5,5
18,7,B,0.25,-0.5,6
40,7,B,0.25,-0.5,5
65,7,B,0.25,-0.5,7
66,10,B,0.25,-0.5,2
20,10,B,0.25,-0.5,5
22,10,B,0.25,-0.5,5
69,10,B,0.25,-0.5,3
7,10,B,0.25,-0.5,3
41,10,B,0.25,-0.5,3
60,10,B,0.25,-0.5,3
19,10,B,0.25,-0.5,1
59,10,B,0.25,-0.5,5
15,10,B,0.25,-0.5,5
51,10,B,0.25,-0.5,1
8,10,B,0.25,-0.5,3
32,10,B,0.25,-0.5,5
6,10,B,0.25,-0.5,2
28,10,B,0.25,-0.5,3
10,10,B,0.25,-0.5,2
26,10,B,0.25,-0.5,5
53,10,B,0.25,-0.5,3
46,10,B,0.25,-0.5,4
24,10,B,0.25,-0.5,3
34,10,B,0.25,-0.5,1
16,10,B,0.25,-0.5,4
58,10,B,0.25,-0.5,2
12,10,B,0.25,-0.5,4
39,10,B,0.25,-0.5,4
38,10,B,0.25,-0.5,5
37,10,B,0.25,-0.5,3
43,10,B,0.25,-0.5,1
3,10,B,0.25,-0.5,4
54,10,B,0.25,-0.5,4
11,10,B,0.25,-0.5,2
61,10,B,0.25,-0.5,4
13,10,B,0.25,-0.5,1
70,10,B,0.25,-0.5,4
44,10,B,0.25,-0.5,6
14,10,B,0.25,-0.5,2
17,10,B,0.25,-0.5,5
27,10,B,0.25,-0.5,7
55,10,B,0.25,-0.5,4
36,10,B,0.25,-0.5,3
5,10,B,0.25,-0.5,7
21,10,B,0.25,-0.5,3
48,10,B,0.25,-0.5,1
23,10,B,0.25,-0.5,2
2,10,B,0.25,-0.5,7
35,10,B,0.25,-0.5,3
1,10,B,0.25,-0.5,4
67,10,B,0.25,-0.5,5
29,10,B,0.25,-0.5,6
52,10,B,0.25,-0.5,2
62,10,B,0.25,-0.5,6
50,10,B,0.25,-0.5,2
4,10,B,0.25,-0.5,6
9,10,B,0.25,-0.5,4
56,10,B,0.25,-0.5,4
49,10,B,0.25,-0.5,1
64,10,B,0.25,-0.5,1
47,10,B,0.25,-0.5,1
68,10,B,0.25,-0.5,1
63,10,B,0.25,-0.5,2
42,10,B,0.25,-0.5,3
31,10,B,0.25,-0.5,7
33,10,B,0.25,-0.5,1
57,10,B,0.25,-0.5,2
25,10,B,0.25,-0.5,3
45,10,B,0.25,-0.5,2
30,10,B,0.25,-0.5,4
18,10,B,0.25,-0.5,1
40,10,B,0.25,-0.5,5
65,10,B,0.25,-0.5,3
66,11,B,0.25,-0.5,2
20,11,B,0.25,-0.5,7
22,11,B,0.25,-0.5,4
69,11,B,0.25,-0.5,1
7,11,B,0.25,-0.5,2
41,11,B,0.25,-0.5,2
60,11,B,0.25,-0.5,5
19,11,B,0.25,-0.5,1
59,11,B,0.25,-0.5,3
15,11,B,0.25,-0.5,2
51,11,B,0.25,-0.5,5
8,11,B,0.25,-0.5,4
32,11,B,0.25,-0.5,3
6,11,B,0.25,-0.5,1
28,11,B,0.25,-0.5,4
10,11,B,0.25,-0.5,2
26,11,B,0.25,-0.5,4
53,11,B,0.25,-0.5,5
46,11,B,0.25,-0.5,4
24,11,B,0.25,-0.5,1
34,11,B,0.25,-0.5,1
16,11,B,0.25,-0.5,4
58,11,B,0.25,-0.5,1
12,11,B,0.25,-0.5,1
39,11,B,0.25,-0.5,2
38,11,B,0.25,-0.5,2
37,11,B,0.25,-0.5,5
43,11,B,0.25,-0.5,2
3,11,B,0.25,-0.5,2
54,11,B,0.25,-0.5,6
11,11,B,0.25,-0.5,2
61,11,B,0.25,-0.5,6
13,11,B,0.25,-0.5,1
70,11,B,0.25,-0.5,3
44,11,B,0.25,-0.5,3
14,11,B,0.25,-0.5,2
17,11,B,0.25,-0.5,1
27,11,B,0.25,-0.5,5
55,11,B,0.25,-0.5,6
36,11,B,0.25,-0.5,3
5,11,B,0.25,-0.5,6
21,11,B,0.25,-0.5,2
48,11,B,0.25,-0.5,1
23,11,B,0.25,-0.5,2
2,11,B,0.25,-0.5,2
35,11,B,0.25,-0.5,6
1,11,B,0.25,-0.5,5
67,11,B,0.25,-0.5,6
29,11,B,0.25,-0.5,5
52,11,B,0.25,-0.5,5
62,11,B,0.25,-0.5,7
50,11,B,0.25,-0.5,1
4,11,B,0.25,-0.5,5
9,11,B,0.25,-0.5,2
56,11,B,0.25,-0.5,3
49,11,B,0.25,-0.5,3
64,11,B,0.25,-0.5,2
47,11,B,0.25,-0.5,2
68,11,B,0.25,-0.5,1
63,11,B,0.25,-0.5,1
42,11,B,0.25,-0.5,6
31,11,B,0.25,-0.5,3
33,11,B,0.25,-0.5,1
57,11,B,0.25,-0.5,6
25,11,B,0.25,-0.5,4
45,11,B,0.25,-0.5,4
30,11,B,0.25,-0.5,4
18,11,B,0.25,-0.5,6
40,11,B,0.25,-0.5,5
65,11,B,0.25,-0.5,1
66,12,B,0.25,-0.5,1
20,12,B,0.25,-0.5,3
22,12,B,0.25,-0.5,6
69,12,B,0.25,-0.5,1
7,12,B,0.25,-0.5,1
41,12,B,0.25,-0.5,1
60,12,B,0.25,-0.5,2
19,12,B,0.25,-0.5,1
59,12,B,0.25,-0.5,1
15,12,B,0.25,-0.5,1
51,12,B,0.25,-0.5,1
8,12,B,0.25,-0.5,3
32,12,B,0.25,-0.5,3
6,12,B,0.25,-0.5,1
28,12,B,0.25,-0.5,2
10,12,B,0.25,-0.5,1
26,12,B,0.25,-0.5,2
53,12,B,0.25,-0.5,1
46,12,B,0.25,-0.5,3
24,12,B,0.25,-0.5,1
34,12,B,0.25,-0.5,1
16,12,B,0.25,-0.5,1
58,12,B,0.25,-0.5,1
12,12,B,0.25,-0.5,3
39,12,B,0.25,-0.5,3
38,12,B,0.25,-0.5,1
37,12,B,0.25,-0.5,2
43,12,B,0.25,-0.5,1
3,12,B,0.25,-0.5,1
54,12,B,0.25,-0.5,2
11,12,B,0.25,-0.5,1
61,12,B,0.25,-0.5,1
13,12,B,0.25,-0.5,1
70,12,B,0.25,-0.5,1
44,12,B,0.25,-0.5,4
14,12,B,0.25,-0.5,2
17,12,B,0.25,-0.5,3
27,12,B,0.25,-0.5,2
55,12,B,0.25,-0.5,4
36,12,B,0.25,-0.5,3
5,12,B,0.25,-0.5,1
21,12,B,0.25,-0.5,1
48,12,B,0.25,-0.5,2
23,12,B,0.25,-0.5,2
2,12,B,0.25,-0.5,3
35,12,B,0.25,-0.5,1
1,12,B,0.25,-0.5,5
67,12,B,0.25,-0.5,1
29,12,B,0.25,-0.5,6
52,12,B,0.25,-0.5,2
62,12,B,0.25,-0.5,1
50,12,B,0.25,-0.5,2
4,12,B,0.25,-0.5,3
9,12,B,0.25,-0.5,1
56,12,B,0.25,-0.5,1
49,12,B,0.25,-0.5,1
64,12,B,0.25,-0.5,1
47,12,B,0.25,-0.5,3
68,12,B,0.25,-0.5,1
63,12,B,0.25,-0.5,2
42,12,B,0.25,-0.5,2
31,12,B,0.25,-0.5,3
33,12,B,0.25,-0.5,1
57,12,B,0.25,-0.5,1
25,12,B,0.25,-0.5,3
45,12,B,0.25,-0.5,1
30,12,B,0.25,-0.5,4
18,12,B,0.25,-0.5,1
40,12,B,0.25,-0.5,2
65,12,B,0.25,-0.5,3
66,15,B,0.25,-0.5,4
20,15,B,0.25,-0.5,3
22,15,B,0.25,-0.5,5
69,15,B,0.25,-0.5,6
7,15,B,0.25,-0.5,2
41,15,B,0.25,-0.5,4
60,15,B,0.25,-0.5,2
19,15,B,0.25,-0.5,2
59,15,B,0.25,-0.5,4
15,15,B,0.25,-0.5,3
51,15,B,0.25,-0.5,2
8,15,B,0.25,-0.5,4
32,15,B,0.25,-0.5,4
6,15,B,0.25,-0.5,1
28,15,B,0.25,-0.5,4
10,15,B,0.25,-0.5,2
26,15,B,0.25,-0.5,2
53,15,B,0.25,-0.5,1
46,15,B,0.25,-0.5,3
24,15,B,0.25,-0.5,2
34,15,B,0.25,-0.5,1
16,15,B,0.25,-0.5,5
58,15,B,0.25,-0.5,1
12,15,B,0.25,-0.5,1
39,15,B,0.25,-0.5,4
38,15,B,0.25,-0.5,5
37,15,B,0.25,-0.5,5
43,15,B,0.25,-0.5,3
3,15,B,0.25,-0.5,3
54,15,B,0.25,-0.5,3
11,15,B,0.25,-0.5,1
61,15,B,0.25,-0.5,2
13,15,B,0.25,-0.5,4
70,15,B,0.25,-0.5,4
44,15,B,0.25,-0.5,6
14,15,B,0.25,-0.5,2
17,15,B,0.25,-0.5,1
27,15,B,0.25,-0.5,6
55,15,B,0.25,-0.5,4
36,15,B,0.25,-0.5,3
5,15,B,0.25,-0.5,2
21,15,B,0.25,-0.5,1
48,15,B,0.25,-0.5,1
23,15,B,0.25,-0.5,3
2,15,B,0.25,-0.5,2
35,15,B,0.25,-0.5,4
1,15,B,0.25,-0.5,6
67,15,B,0.25,-0.5,4
29,15,B,0.25,-0.5,5
52,15,B,0.25,-0.5,6
62,15,B,0.25,-0.5,5
50,15,B,0.25,-0.5,1
4,15,B,0.25,-0.5,3
9,15,B,0.25,-0.5,1
56,15,B,0.25,-0.5,3
49,15,B,0.25,-0.5,3
64,15,B,0.25,-0.5,1
47,15,B,0.25,-0.5,4
68,15,B,0.25,-0.5,1
63,15,B,0.25,-0.5,1
42,15,B,0.25,-0.5,3
31,15,B,0.25,-0.5,2
33,15,B,0.25,-0.5,1
57,15,B,0.25,-0.5,6
25,15,B,0.25,-0.5,3
45,15,B,0.25,-0.5,1
30,15,B,0.25,-0.5,5
18,15,B,0.25,-0.5,5
40,15,B,0.25,-0.5,3
65,15,B,0.25,-0.5,5
66,18,B,0.25,-0.5,2
20,18,B,0.25,-0.5,3
22,18,B,0.25,-0.5,4
69,18,B,0.25,-0.5,2
7,18,B,0.25,-0.5,1
41,18,B,0.25,-0.5,2
60,18,B,0.25,-0.5,3
19,18,B,0.25,-0.5,1
59,18,B,0.25,-0.5,1
15,18,B,0.25,-0.5,5
51,18,B,0.25,-0.5,3
8,18,B,0.25,-0.5,4
32,18,B,0.25,-0.5,2
6,18,B,0.25,-0.5,1
28,18,B,0.25,-0.5,4
10,18,B,0.25,-0.5,2
26,18,B,0.25,-0.5,6
53,18,B,0.25,-0.5,1
46,18,B,0.25,-0.5,3
24,18,B,0.25,-0.5,1
34,18,B,0.25,-0.5,1
16,18,B,0.25,-0.5,3
58,18,B,0.25,-0.5,1
12,18,B,0.25,-0.5,2
39,18,B,0.25,-0.5,3
38,18,B,0.25,-0.5,2
37,18,B,0.25,-0.5,5
43,18,B,0.25,-0.5,1
3,18,B,0.25,-0.5,1
54,18,B,0.25,-0.5,1
11,18,B,0.25,-0.5,3
61,18,B,0.25,-0.5,5
13,18,B,0.25,-0.5,1
70,18,B,0.25,-0.5,3
44,18,B,0.25,-0.5,7
14,18,B,0.25,-0.5,2
17,18,B,0.25,-0.5,3
27,18,B,0.25,-0.5,1
55,18,B,0.25,-0.5,3
36,18,B,0.25,-0.5,2
5,18,B,0.25,-0.5,1
21,18,B,0.25,-0.5,4
48,18,B,0.25,-0.5,3
23,18,B,0.25,-0.5,2
2,18,B,0.25,-0.5,4
35,18,B,0.25,-0.5,5
1,18,B,0.25,-0.5,6
67,18,B,0.25,-0.5,3
29,18,B,0.25,-0.5,6
52,18,B,0.25,-0.5,2
62,18,B,0.25,-0.5,2
50,18,B,0.25,-0.5,5
4,18,B,0.25,-0.5,4
9,18,B,0.25,-0.5,3
56,18,B,0.25,-0.5,5
49,18,B,0.25,-0.5,4
64,18,B,0.25,-0.5,2
47,18,B,0.25,-0.5,4
68,18,B,0.25,-0.5,1
63,18,B,0.25,-0.5,2
42,18,B,0.25,-0.5,4
31,18,B,0.25,-0.5,3
33,18,B,0.25,-0.5,1
57,18,B,0.25,-0.5,2
25,18,B,0.25,-0.5,4
45,18,B,0.25,-0.5,1
30,18,B,0.25,-0.5,5
18,18,B,0.25,-0.5,1
40,18,B,0.25,-0.5,3
65,18,B,0.25,-0.5,4
66,20,B,0.25,-0.5,2
20,20,B,0.25,-0.5,4
22,20,B,0.25,-0.5,4
69,20,B,0.25,-0.5,3
7,20,B,0.25,-0.5,2
41,20,B,0.25,-0.5,1
60,20,B,0.25,-0.5,3
19,20,B,0.25,-0.5,1
59,20,B,0.25,-0.5,1
15,20,B,0.25,-0.5,5
51,20,B,0.25,-0.5,1
8,20,B,0.25,-0.5,3
32,20,B,0.25,-0.5,1
6,20,B,0.25,-0.5,1
28,20,B,0.25,-0.5,3
10,20,B,0.25,-0.5,1
26,20,B,0.25,-0.5,5
53,20,B,0.25,-0.5,1
46,20,B,0.25,-0.5,2
24,20,B,0.25,-0.5,1
34,20,B,0.25,-0.5,1
16,20,B,0.25,-0.5,1
58,20,B,0.25,-0.5,1
12,20,B,0.25,-0.5,2
39,20,B,0.25,-0.5,5
38,20,B,0.25,-0.5,3
37,20,B,0.25,-0.5,6
43,20,B,0.25,-0.5,3
3,20,B,0.25,-0.5,1
54,20,B,0.25,-0.5,1
11,20,B,0.25,-0.5,2
61,20,B,0.25,-0.5,3
13,20,B,0.25,-0.5,1
70,20,B,0.25,-0.5,1
44,20,B,0.25,-0.5,6
14,20,B,0.25,-0.5,2
17,20,B,0.25,-0.5,1
27,20,B,0.25,-0.5,2
55,20,B,0.25,-0.5,3
36,20,B,0.25,-0.5,3
5,20,B,0.25,-0.5,1
21,20,B,0.25,-0.5,1
48,20,B,0.25,-0.5,1
23,20,B,0.25,-0.5,2
2,20,B,0.25,-0.5,1
35,20,B,0.25,-0.5,1
1,20,B,0.25,-0.5,5
67,20,B,0.25,-0.5,2
29,20,B,0.25,-0.5,2
52,20,B,0.25,-0.5,2
62,20,B,0.25,-0.5,3
50,20,B,0.25,-0.5,2
4,20,B,0.25,-0.5,5
9,20,B,0.25,-0.5,2
56,20,B,0.25,-0.5,2
49,20,B,0.25,-0.5,4
64,20,B,0.25,-0.5,1
47,20,B,0.25,-0.5,2
68,20,B,0.25,-0.5,1
63,20,B,0.25,-0.5,2
42,20,B,0.25,-0.5,4
31,20,B,0.25,-0.5,4
33,20,B,0.25,-0.5,1
57,20,B,0.25,-0.5,1
25,20,B,0.25,-0.5,3
45,20,B,0.25,-0.5,1
30,20,B,0.25,-0.5,5
18,20,B,0.25,-0.5,1
40,20,B,0.25,-0.5,2
65,20,B,0.25,-0.5,3
66,27,B,0.25,-0.5,2
20,27,B,0.25,-0.5,6
22,27,B,0.25,-0.5,5
69,27,B,0.25,-0.5,5
7,27,B,0.25,-0.5,2
41,27,B,0.25,-0.5,2
60,27,B,0.25,-0.5,5
19,27,B,0.25,-0.5,3
59,27,B,0.25,-0.5,4
15,27,B,0.25,-0.5,5
51,27,B,0.25,-0.5,5
8,27,B,0.25,-0.5,6
32,27,B,0.25,-0.5,6
6,27,B,0.25,-0.5,3
28,27,B,0.25,-0.5,3
10,27,B,0.25,-0.5,6
26,27,B,0.25,-0.5,5
53,27,B,0.25,-0.5,3
46,27,B,0.25,-0.5,4
24,27,B,0.25,-0.5,4
34,27,B,0.25,-0.5,6
16,27,B,0.25,-0.5,2
58,27,B,0.25,-0.5,4
12,27,B,0.25,-0.5,3
39,27,B,0.25,-0.5,4
38,27,B,0.25,-0.5,4
37,27,B,0.25,-0.5,5
43,27,B,0.25,-0.5,4
3,27,B,0.25,-0.5,4
54,27,B,0.25,-0.5,6
11,27,B,0.25,-0.5,1
61,27,B,0.25,-0.5,4
13,27,B,0.25,-0.5,4
70,27,B,0.25,-0.5,5
44,27,B,0.25,-0.5,7
14,27,B,0.25,-0.5,2
17,27,B,0.25,-0.5,1
27,27,B,0.25,-0.5,5
55,27,B,0.25,-0.5,3
36,27,B,0.25,-0.5,5
5,27,B,0.25,-0.5,6
21,27,B,0.25,-0.5,2
48,27,B,0.25,-0.5,2
23,27,B,0.25,-0.5,4
2,27,B,0.25,-0.5,7
35,27,B,0.25,-0.5,5
1,27,B,0.25,-0.5,5
67,27,B,0.25,-0.5,6
29,27,B,0.25,-0.5,5
52,27,B,0.25,-0.5,4
62,27,B,0.25,-0.5,6
50,27,B,0.25,-0.5,3
4,27,B,0.25,-0.5,5
9,27,B,0.25,-0.5,4
56,27,B,0.25,-0.5,7
49,27,B,0.25,-0.5,2
64,27,B,0.25,-0.5,1
47,27,B,0.25,-0.5,4
68,27,B,0.25,-0.5,2
63,27,B,0.25,-0.5,2
42,27,B,0.25,-0.5,3
31,27,B,0.25,-0.5,3
33,27,B,0.25,-0.5,5
57,27,B,0.25,-0.5,5
25,27,B,0.25,-0.5,4
45,27,B,0.25,-0.5,2
30,27,B,0.25,-0.5,5
18,27,B,0.25,-0.5,6
40,27,B,0.25,-0.5,2
65,27,B,0.25,-0.5,4
66,29,B,0.25,-0.5,2
20,29,B,0.25,-0.5,4
22,29,B,0.25,-0.5,6
69,29,B,0.25,-0.5,1
7,29,B,0.25,-0.5,1
41,29,B,0.25,-0.5,2
60,29,B,0.25,-0.5,2
19,29,B,0.25,-0.5,3
59,29,B,0.25,-0.5,3
15,29,B,0.25,-0.5,3
51,29,B,0.25,-0.5,5
8,29,B,0.25,-0.5,1
32,29,B,0.25,-0.5,2
6,29,B,0.25,-0.5,1
28,29,B,0.25,-0.5,3
10,29,B,0.25,-0.5,1
26,29,B,0.25,-0.5,2
53,29,B,0.25,-0.5,1
46,29,B,0.25,-0.5,2
24,29,B,0.25,-0.5,1
34,29,B,0.25,-0.5,1
16,29,B,0.25,-0.5,3
58,29,B,0.25,-0.5,1
12,29,B,0.25,-0.5,3
39,29,B,0.25,-0.5,5
38,29,B,0.25,-0.5,3
37,29,B,0.25,-0.5,6
43,29,B,0.25,-0.5,1
3,29,B,0.25,-0.5,1
54,29,B,0.25,-0.5,1
11,29,B,0.25,-0.5,2
61,29,B,0.25,-0.5,1
13,29,B,0.25,-0.5,1
70,29,B,0.25,-0.5,1
44,29,B,0.25,-0.5,4
14,29,B,0.25,-0.5,2
17,29,B,0.25,-0.5,1
27,29,B,0.25,-0.5,1
55,29,B,0.25,-0.5,3
36,29,B,0.25,-0.5,3
5,29,B,0.25,-0.5,1
21,29,B,0.25,-0.5,2
48,29,B,0.25,-0.5,1
23,29,B,0.25,-0.5,2
2,29,B,0.25,-0.5,1
35,29,B,0.25,-0.5,1
1,29,B,0.25,-0.5,3
67,29,B,0.25,-0.5,1
29,29,B,0.25,-0.5,6
52,29,B,0.25,-0.5,2
62,29,B,0.25,-0.5,1
50,29,B,0.25,-0.5,1
4,29,B,0.25,-0.5,3
9,29,B,0.25,-0.5,1
56,29,B,0.25,-0.5,2
49,29,B,0.25,-0.5,2
64,29,B,0.25,-0.5,1
47,29,B,0.25,-0.5,2
68,29,B,0.25,-0.5,1
63,29,B,0.25,-0.5,2
42,29,B,0.25,-0.5,1
31,29,B,0.25,-0.5,7
33,29,B,0.25,-0.5,1
57,29,B,0.25,-0.5,3
25,29,B,0.25,-0.5,3
45,29,B,0.25,-0.5,1
30,29,B,0.25,-0.5,4
18,29,B,0.25,-0.5,5
40,29,B,0.25,-0.5,2
65,29,B,0.25,-0.5,1
66,30,B,0.25,-0.5,4
20,30,B,0.25,-0.5,7
22,30,B,0.25,-0.5,1
69,30,B,0.25,-0.5,5
7,30,B,0.25,-0.5,2
41,30,B,0.25,-0.5,6
60,30,B,0.25,-0.5,2
19,30,B,0.25,-0.5,3
59,30,B,0.25,-0.5,6
15,30,B,0.25,-0.5,6
51,30,B,0.25,-0.5,5
8,30,B,0.25,-0.5,5
32,30,B,0.25,-0.5,1
6,30,B,0.25,-0.5,1
28,30,B,0.25,-0.5,3
10,30,B,0.25,-0.5,2
26,30,B,0.25,-0.5,3
53,30,B,0.25,-0.5,2
46,30,B,0.25,-0.5,6
24,30,B,0.25,-0.5,2
34,30,B,0.25,-0.5,7
16,30,B,0.25,-0.5,3
58,30,B,0.25,-0.5,2
12,30,B,0.25,-0.5,2
39,30,B,0.25,-0.5,4
38,30,B,0.25,-0.5,3
37,30,B,0.25,-0.5,6
43,30,B,0.25,-0.5,2
3,30,B,0.25,-0.5,4
54,30,B,0.25,-0.5,4
11,30,B,0.25,-0.5,4
61,30,B,0.25,-0.5,5
13,30,B,0.25,-0.5,1
70,30,B,0.25,-0.5,3
44,30,B,0.25,-0.5,6
14,30,B,0.25,-0.5,2
17,30,B,0.25,-0.5,1
27,30,B,0.25,-0.5,7
55,30,B,0.25,-0.5,5
36,30,B,0.25,-0.5,3
5,30,B,0.25,-0.5,2
21,30,B,0.25,-0.5,2
48,30,B,0.25,-0.5,3
23,30,B,0.25,-0.5,2
2,30,B,0.25,-0.5,6
35,30,B,0.25,-0.5,7
1,30,B,0.25,-0.5,5
67,30,B,0.25,-0.5,4
29,30,B,0.25,-0.5,5
52,30,B,0.25,-0.5,3
62,30,B,0.25,-0.5,5
50,30,B,0.25,-0.5,4
4,30,B,0.25,-0.5,4
9,30,B,0.25,-0.5,1
56,30,B,0.25,-0.5,5
49,30,B,0.25,-0.5,3
64,30,B,0.25,-0.5,3
47,30,B,0.25,-0.5,4
68,30,B,0.25,-0.5,1
63,30,B,0.25,-0.5,1
42,30,B,0.25,-0.5,4
31,30,B,0.25,-0.5,3
33,30,B,0.25,-0.5,2
57,30,B,0.25,-0.5,3
25,30,B,0.25,-0.5,4
45,30,B,0.25,-0.5,3
30,30,B,0.25,-0.5,4
18,30,B,0.25,-0.5,5
40,30,B,0.25,-0.5,4
65,30,B,0.25,-0.5,3
66,35,B,0.25,-0.5,4
20,35,B,0.25,-0.5,5
22,35,B,0.25,-0.5,5
69,35,B,0.25,-0.5,1
7,35,B,0.25,-0.5,2
41,35,B,0.25,-0.5,6
60,35,B,0.25,-0.5,5
19,35,B,0.25,-0.5,1
59,35,B,0.25,-0.5,6
15,35,B,0.25,-0.5,4
51,35,B,0.25,-0.5,3
8,35,B,0.25,-0.5,5
32,35,B,0.25,-0.5,3
6,35,B,0.25,-0.5,2
28,35,B,0.25,-0.5,4
10,35,B,0.25,-0.5,2
26,35,B,0.25,-0.5,6
53,35,B,0.25,-0.5,4
46,35,B,0.25,-0.5,6
24,35,B,0.25,-0.5,4
34,35,B,0.25,-0.5,5
16,35,B,0.25,-0.5,5
58,35,B,0.25,-0.5,2
12,35,B,0.25,-0.5,4
39,35,B,0.25,-0.5,3
38,35,B,0.25,-0.5,4
37,35,B,0.25,-0.5,6
43,35,B,0.25,-0.5,6
3,35,B,0.25,-0.5,7
54,35,B,0.25,-0.5,6
11,35,B,0.25,-0.5,4
61,35,B,0.25,-0.5,6
13,35,B,0.25,-0.5,6
70,35,B,0.25,-0.5,6
44,35,B,0.25,-0.5,6
14,35,B,0.25,-0.5,2
17,35,B,0.25,-0.5,5
27,35,B,0.25,-0.5,6
55,35,B,0.25,-0.5,4
36,35,B,0.25,-0.5,5
5,35,B,0.25,-0.5,5
21,35,B,0.25,-0.5,2
48,35,B,0.25,-0.5,2
23,35,B,0.25,-0.5,3
2,35,B,0.25,-0.5,2
35,35,B,0.25,-0.5,6
1,35,B,0.25,-0.5,6
67,35,B,0.25,-0.5,5
29,35,B,0.25,-0.5,5
52,35,B,0.25,-0.5,5
62,35,B,0.25,-0.5,7
50,35,B,0.25,-0.5,7
4,35,B,0.25,-0.5,6
9,35,B,0.25,-0.5,5
56,35,B,0.25,-0.5,6
49,35,B,0.25,-0.5,5
64,35,B,0.25,-0.5,1
47,35,B,0.25,-0.5,3
68,35,B,0.25,-0.5,7
63,35,B,0.25,-0.5,1
42,35,B,0.25,-0.5,5
31,35,B,0.25,-0.5,3
33,35,B,0.25,-0.5,3
57,35,B,0.25,-0.5,6
25,35,B,0.25,-0.5,5
45,35,B,0.25,-0.5,4
30,35,B,0.25,-0.5,5
18,35,B,0.25,-0.5,5
40,35,B,0.25,-0.5,5
65,35,B,0.25,-0.5,6
66,36,B,0.25,-0.5,3
20,36,B,0.25,-0.5,4
22,36,B,0.25,-0.5,5
69,36,B,0.25,-0.5,2
7,36,B,0.25,-0.5,2
41,36,B,0.25,-0.5,2
60,36,B,0.25,-0.5,3
19,36,B,0.25,-0.5,1
59,36,B,0.25,-0.5,5
15,36,B,0.25,-0.5,2
51,36,B,0.25,-0.5,5
8,36,B,0.25,-0.5,3
32,36,B,0.25,-0.5,4
6,36,B,0.25,-0.5,1
28,36,B,0.25,-0.5,3
10,36,B,0.25,-0.5,2
26,36,B,0.25,-0.5,6
53,36,B,0.25,-0.5,1
46,36,B,0.25,-0.5,2
24,36,B,0.25,-0.5,4
34,36,B,0.25,-0.5,1
16,36,B,0.25,-0.5,2
58,36,B,0.25,-0.5,1
12,36,B,0.25,-0.5,2
39,36,B,0.25,-0.5,2
38,36,B,0.25,-0.5,3
37,36,B,0.25,-0.5,4
43,36,B,0.25,-0.5,2
3,36,B,0.25,-0.5,6
54,36,B,0.25,-0.5,1
11,36,B,0.25,-0.5,1
61,36,B,0.25,-0.5,4
13,36,B,0.25,-0.5,1
70,36,B,0.25,-0.5,5
44,36,B,0.25,-0.5,6
14,36,B,0.25,-0.5,2
17,36,B,0.25,-0.5,1
27,36,B,0.25,-0.5,5
55,36,B,0.25,-0.5,4
36,36,B,0.25,-0.5,4
5,36,B,0.25,-0.5,1
21,36,B,0.25,-0.5,3
48,36,B,0.25,-0.5,2
23,36,B,0.25,-0.5,3
2,36,B,0.25,-0.5,6
35,36,B,0.25,-0.5,3
1,36,B,0.25,-0.5,5
67,36,B,0.25,-0.5,5
29,36,B,0.25,-0.5,6
52,36,B,0.25,-0.5,3
62,36,B,0.25,-0.5,7
50,36,B,0.25,-0.5,5
4,36,B,0.25,-0.5,4
9,36,B,0.25,-0.5,2
56,36,B,0.25,-0.5,2
49,36,B,0.25,-0.5,3
64,36,B,0.25,-0.5,1
47,36,B,0.25,-0.5,3
68,36,B,0.25,-0.5,1
63,36,B,0.25,-0.5,1
42,36,B,0.25,-0.5,3
31,36,B,0.25,-0.5,7
33,36,B,0.25,-0.5,1
57,36,B,0.25,-0.5,4
25,36,B,0.25,-0.5,4
45,36,B,0.25,-0.5,1
30,36,B,0.25,-0.5,5
18,36,B,0.25,-0.5,4
40,36,B,0.25,-0.5,4
65,36,B,0.25,-0.5,5
66,39,B,0.25,-0.5,5
20,39,B,0.25,-0.5,6
22,39,B,0.25,-0.5,5
69,39,B,0.25,-0.5,5
7,39,B,0.25,-0.5,4
41,39,B,0.25,-0.5,6
60,39,B,0.25,-0.5,5
19,39,B,0.25,-0.5,1
59,39,B,0.25,-0.5,6
15,39,B,0.25,-0.5,6
51,39,B,0.25,-0.5,4
8,39,B,0.25,-0.5,4
32,39,B,0.25,-0.5,5
6,39,B,0.25,-0.5,5
28,39,B,0.25,-0.5,4
10,39,B,0.25,-0.5,6
26,39,B,0.25,-0.5,5
53,39,B,0.25,-0.5,5
46,39,B,0.25,-0.5,5
24,39,B,0.25,-0.5,4
34,39,B,0.25,-0.5,6
16,39,B,0.25,-0.5,4
58,39,B,0.25,-0.5,2
12,39,B,0.25,-0.5,3
39,39,B,0.25,-0.5,5
38,39,B,0.25,-0.5,5
37,39,B,0.25,-0.5,6
43,39,B,0.25,-0.5,2
3,39,B,0.25,-0.5,2
54,39,B,0.25,-0.5,6
11,39,B,0.25,-0.5,2
61,39,B,0.25,-0.5,4
13,39,B,0.25,-0.5,6
70,39,B,0.25,-0.5,7
44,39,B,0.25,-0.5,6
14,39,B,0.25,-0.5,3
17,39,B,0.25,-0.5,2
27,39,B,0.25,-0.5,3
55,39,B,0.25,-0.5,5
36,39,B,0.25,-0.5,6
5,39,B,0.25,-0.5,2
21,39,B,0.25,-0.5,2
48,39,B,0.25,-0.5,2
23,39,B,0.25,-0.5,4
2,39,B,0.25,-0.5,2
35,39,B,0.25,-0.5,3
1,39,B,0.25,-0.5,5
67,39,B,0.25,-0.5,5
29,39,B,0.25,-0.5,6
52,39,B,0.25,-0.5,7
62,39,B,0.25,-0.5,4
50,39,B,0.25,-0.5,3
4,39,B,0.25,-0.5,5
9,39,B,0.25,-0.5,4
56,39,B,0.25,-0.5,7
49,39,B,0.25,-0.5,2
64,39,B,0.25,-0.5,1
47,39,B,0.25,-0.5,6
68,39,B,0.25,-0.5,1
63,39,B,0.25,-0.5,2
42,39,B,0.25,-0.5,4
31,39,B,0.25,-0.5,3
33,39,B,0.25,-0.5,4
57,39,B,0.25,-0.5,4
25,39,B,0.25,-0.5,4
45,39,B,0.25,-0.5,2
30,39,B,0.25,-0.5,6
18,39,B,0.25,-0.5,6
40,39,B,0.25,-0.5,4
65,39,B,0.25,-0.5,5
66,45,B,0.25,-0.5,2
20,45,B,0.25,-0.5,3
22,45,B,0.25,-0.5,3
69,45,B,0.25,-0.5,1
7,45,B,0.25,-0.5,2
41,45,B,0.25,-0.5,2
60,45,B,0.25,-0.5,3
19,45,B,0.25,-0.5,1
59,45,B,0.25,-0.5,4
15,45,B,0.25,-0.5,2
51,45,B,0.25,-0.5,1
8,45,B,0.25,-0.5,3
32,45,B,0.25,-0.5,3
6,45,B,0.25,-0.5,1
28,45,B,0.25,-0.5,2
10,45,B,0.25,-0.5,2
26,45,B,0.25,-0.5,5
53,45,B,0.25,-0.5,1
46,45,B,0.25,-0.5,2
24,45,B,0.25,-0.5,3
34,45,B,0.25,-0.5,1
16,45,B,0.25,-0.5,1
58,45,B,0.25,-0.5,2
12,45,B,0.25,-0.5,3
39,45,B,0.25,-0.5,3
38,45,B,0.25,-0.5,4
37,45,B,0.25,-0.5,5
43,45,B,0.25,-0.5,2
3,45,B,0.25,-0.5,2
54,45,B,0.25,-0.5,1
11,45,B,0.25,-0.5,2
61,45,B,0.25,-0.5,4
13,45,B,0.25,-0.5,2
70,45,B,0.25,-0.5,4
44,45,B,0.25,-0.5,2
14,45,B,0.25,-0.5,2
17,45,B,0.25,-0.5,1
27,45,B,0.25,-0.5,1
55,45,B,0.25,-0.5,4
36,45,B,0.25,-0.5,3
5,45,B,0.25,-0.5,1
21,45,B,0.25,-0.5,3
48,45,B,0.25,-0.5,2
23,45,B,0.25,-0.5,2
2,45,B,0.25,-0.5,4
35,45,B,0.25,-0.5,3
1,45,B,0.25,-0.5,3
67,45,B,0.25,-0.5,2
29,45,B,0.25,-0.5,5
52,45,B,0.25,-0.5,3
62,45,B,0.25,-0.5,1
50,45,B,0.25,-0.5,1
4,45,B,0.25,-0.5,3
9,45,B,0.25,-0.5,2
56,45,B,0.25,-0.5,4
49,45,B,0.25,-0.5,3
64,45,B,0.25,-0.5,1
47,45,B,0.25,-0.5,3
68,45,B,0.25,-0.5,1
63,45,B,0.25,-0.5,2
42,45,B,0.25,-0.5,2
31,45,B,0.25,-0.5,4
33,45,B,0.25,-0.5,1
57,45,B,0.25,-0.5,2
25,45,B,0.25,-0.5,3
45,45,B,0.25,-0.5,1
30,45,B,0.25,-0.5,6
18,45,B,0.25,-0.5,1
40,45,B,0.25,-0.5,5
65,45,B,0.25,-0.5,2
66,53,B,0.25,-0.5,6
20,53,B,0.25,-0.5,7
22,53,B,0.25,-0.5,7
69,53,B,0.25,-0.5,3
7,53,B,0.25,-0.5,3
41,53,B,0.25,-0.5,5
60,53,B,0.25,-0.5,4
19,53,B,0.25,-0.5,4
59,53,B,0.25,-0.5,6
15,53,B,0.25,-0.5,3
51,53,B,0.25,-0.5,5
8,53,B,0.25,-0.5,5
32,53,B,0.25,-0.5,6
6,53,B,0.25,-0.5,1
28,53,B,0.25,-0.5,4
10,53,B,0.25,-0.5,2
26,53,B,0.25,-0.5,6
53,53,B,0.25,-0.5,3
46,53,B,0.25,-0.5,2
24,53,B,0.25,-0.5,5
34,53,B,0.25,-0.5,7
16,53,B,0.25,-0.5,4
58,53,B,0.25,-0.5,1
12,53,B,0.25,-0.5,4
39,53,B,0.25,-0.5,5
38,53,B,0.25,-0.5,6
37,53,B,0.25,-0.5,6
43,53,B,0.25,-0.5,7
3,53,B,0.25,-0.5,6
54,53,B,0.25,-0.5,6
11,53,B,0.25,-0.5,4
61,53,B,0.25,-0.5,5
13,53,B,0.25,-0.5,4
70,53,B,0.25,-0.5,7
44,53,B,0.25,-0.5,5
14,53,B,0.25,-0.5,3
17,53,B,0.25,-0.5,1
27,53,B,0.25,-0.5,3
55,53,B,0.25,-0.5,5
36,53,B,0.25,-0.5,5
5,53,B,0.25,-0.5,7
21,53,B,0.25,-0.5,2
48,53,B,0.25,-0.5,3
23,53,B,0.25,-0.5,2
2,53,B,0.25,-0.5,6
35,53,B,0.25,-0.5,3
1,53,B,0.25,-0.5,6
67,53,B,0.25,-0.5,6
29,53,B,0.25,-0.5,3
52,53,B,0.25,-0.5,7
62,53,B,0.25,-0.5,6
50,53,B,0.25,-0.5,7
4,53,B,0.25,-0.5,5
9,53,B,0.25,-0.5,4
56,53,B,0.25,-0.5,6
49,53,B,0.25,-0.5,3
64,53,B,0.25,-0.5,1
47,53,B,0.25,-0.5,5
68,53,B,0.25,-0.5,7
63,53,B,0.25,-0.5,3
42,53,B,0.25,-0.5,6
31,53,B,0.25,-0.5,5
33,53,B,0.25,-0.5,1
57,53,B,0.25,-0.5,3
25,53,B,0.25,-0.5,6
45,53,B,0.25,-0.5,2
30,53,B,0.25,-0.5,5
18,53,B,0.25,-0.5,6
40,53,B,0.25,-0.5,6
65,53,B,0.25,-0.5,3
66,55,B,0.25,-0.5,5
20,55,B,0.25,-0.5,7
22,55,B,0.25,-0.5,4
69,55,B,0.25,-0.5,6
7,55,B,0.25,-0.5,2
41,55,B,0.25,-0.5,6
60,55,B,0.25,-0.5,4
19,55,B,0.25,-0.5,2
59,55,B,0.25,-0.5,6
15,55,B,0.25,-0.5,3
51,55,B,0.25,-0.5,1
8,55,B,0.25,-0.5,3
32,55,B,0.25,-0.5,3
6,55,B,0.25,-0.5,1
28,55,B,0.25,-0.5,4
10,55,B,0.25,-0.5,5
26,55,B,0.25,-0.5,6
53,55,B,0.25,-0.5,4
46,55,B,0.25,-0.5,4
24,55,B,0.25,-0.5,3
34,55,B,0.25,-0.5,1
16,55,B,0.25,-0.5,3
58,55,B,0.25,-0.5,1
12,55,B,0.25,-0.5,3
39,55,B,0.25,-0.5,2
38,55,B,0.25,-0.5,2
37,55,B,0.25,-0.5,6
43,55,B,0.25,-0.5,3
3,55,B,0.25,-0.5,3
54,55,B,0.25,-0.5,2
11,55,B,0.25,-0.5,3
61,55,B,0.25,-0.5,4
13,55,B,0.25,-0.5,1
70,55,B,0.25,-0.5,5
44,55,B,0.25,-0.5,7
14,55,B,0.25,-0.5,3
17,55,B,0.25,-0.5,2
27,55,B,0.25,-0.5,3
55,55,B,0.25,-0.5,4
36,55,B,0.25,-0.5,3
5,55,B,0.25,-0.5,1
21,55,B,0.25,-0.5,3
48,55,B,0.25,-0.5,2
23,55,B,0.25,-0.5,3
2,55,B,0.25,-0.5,7
35,55,B,0.25,-0.5,5
1,55,B,0.25,-0.5,5
67,55,B,0.25,-0.5,5
29,55,B,0.25,-0.5,7
52,55,B,0.25,-0.5,4
62,55,B,0.25,-0.5,5
50,55,B,0.25,-0.5,7
4,55,B,0.25,-0.5,5
9,55,B,0.25,-0.5,5
56,55,B,0.25,-0.5,7
49,55,B,0.25,-0.5,5
64,55,B,0.25,-0.5,2
47,55,B,0.25,-0.5,1
68,55,B,0.25,-0.5,1
63,55,B,0.25,-0.5,1
42,55,B,0.25,-0.5,5
31,55,B,0.25,-0.5,3
33,55,B,0.25,-0.5,2
57,55,B,0.25,-0.5,3
25,55,B,0.25,-0.5,3
45,55,B,0.25,-0.5,1
30,55,B,0.25,-0.5,5
18,55,B,0.25,-0.5,6
40,55,B,0.25,-0.5,6
65,55,B,0.25,-0.5,2
66,60,B,0.25,-0.5,5
20,60,B,0.25,-0.5,7
22,60,B,0.25,-0.5,5
69,60,B,0.25,-0.5,6
7,60,B,0.25,-0.5,3
41,60,B,0.25,-0.5,7
60,60,B,0.25,-0.5,4
19,60,B,0.25,-0.5,4
59,60,B,0.25,-0.5,6
15,60,B,0.25,-0.5,3
51,60,B,0.25,-0.5,5
8,60,B,0.25,-0.5,4
32,60,B,0.25,-0.5,2
6,60,B,0.25,-0.5,5
28,60,B,0.25,-0.5,3
10,60,B,0.25,-0.5,4
26,60,B,0.25,-0.5,5
53,60,B,0.25,-0.5,3
46,60,B,0.25,-0.5,7
24,60,B,0.25,-0.5,4
34,60,B,0.25,-0.5,1
16,60,B,0.25,-0.5,1
58,60,B,0.25,-0.5,2
12,60,B,0.25,-0.5,4
39,60,B,0.25,-0.5,5
38,60,B,0.25,-0.5,3
37,60,B,0.25,-0.5,6
43,60,B,0.25,-0.5,2
3,60,B,0.25,-0.5,3
54,60,B,0.25,-0.5,4
11,60,B,0.25,-0.5,3
61,60,B,0.25,-0.5,5
13,60,B,0.25,-0.5,4
70,60,B,0.25,-0.5,7
44,60,B,0.25,-0.5,6
14,60,B,0.25,-0.5,2
17,60,B,0.25,-0.5,5
27,60,B,0.25,-0.5,3
55,60,B,0.25,-0.5,4
36,60,B,0.25,-0.5,3
5,60,B,0.25,-0.5,3
21,60,B,0.25,-0.5,3
48,60,B,0.25,-0.5,3
23,60,B,0.25,-0.5,3
2,60,B,0.25,-0.5,1
35,60,B,0.25,-0.5,4
1,60,B,0.25,-0.5,5
67,60,B,0.25,-0.5,5
29,60,B,0.25,-0.5,5
52,60,B,0.25,-0.5,4
62,60,B,0.25,-0.5,6
50,60,B,0.25,-0.5,3
4,60,B,0.25,-0.5,5
9,60,B,0.25,-0.5,4
56,60,B,0.25,-0.5,3
49,60,B,0.25,-0.5,3
64,60,B,0.25,-0.5,1
47,60,B,0.25,-0.5,5
68,60,B,0.25,-0.5,5
63,60,B,0.25,-0.5,2
42,60,B,0.25,-0.5,3
31,60,B,0.25,-0.5,7
33,60,B,0.25,-0.5,2
57,60,B,0.25,-0.5,7
25,60,B,0.25,-0.5,3
45,60,B,0.25,-0.5,4
30,60,B,0.25,-0.5,5
18,60,B,0.25,-0.5,3
40,60,B,0.25,-0.5,5
65,60,B,0.25,-0.5,4
66,63,B,0.25,-0.5,5
20,63,B,0.25,-0.5,7
22,63,B,0.25,-0.5,5
69,63,B,0.25,-0.5,5
7,63,B,0.25,-0.5,4
41,63,B,0.25,-0.5,5
60,63,B,0.25,-0.5,5
19,63,B,0.25,-0.5,5
59,63,B,0.25,-0.5,7
15,63,B,0.25,-0.5,5
51,63,B,0.25,-0.5,5
8,63,B,0.25,-0.5,4
32,63,B,0.25,-0.5,4
6,63,B,0.25,-0.5,4
28,63,B,0.25,-0.5,3
10,63,B,0.25,-0.5,7
26,63,B,0.25,-0.5,6
53,63,B,0.25,-0.5,7
46,63,B,0.25,-0.5,6
24,63,B,0.25,-0.5,5
34,63,B,0.25,-0.5,4
16,63,B,0.25,-0.5,3
58,63,B,0.25,-0.5,2
12,63,B,0.25,-0.5,5
39,63,B,0.25,-0.5,5
38,63,B,0.25,-0.5,3
37,63,B,0.25,-0.5,6
43,63,B,0.25,-0.5,6
3,63,B,0.25,-0.5,6
54,63,B,0.25,-0.5,7
11,63,B,0.25,-0.5,5
61,63,B,0.25,-0.5,6
13,63,B,0.25,-0.5,5
70,63,B,0.25,-0.5,3
44,63,B,0.25,-0.5,6
14,63,B,0.25,-0.5,3
17,63,B,0.25,-0.5,6
27,63,B,0.25,-0.5,7
55,63,B,0.25,-0.5,4
36,63,B,0.25,-0.5,4
5,63,B,0.25,-0.5,6
21,63,B,0.25,-0.5,3
48,63,B,0.25,-0.5,4
23,63,B,0.25,-0.5,3
2,63,B,0.25,-0.5,7
35,63,B,0.25,-0.5,5
1,63,B,0.25,-0.5,7
67,63,B,0.25,-0.5,6
29,63,B,0.25,-0.5,5
52,63,B,0.25,-0.5,6
62,63,B,0.25,-0.5,6
50,63,B,0.25,-0.5,7
4,63,B,0.25,-0.5,5
9,63,B,0.25,-0.5,4
56,63,B,0.25,-0.5,7
49,63,B,0.25,-0.5,3
64,63,B,0.25,-0.5,1
47,63,B,0.25,-0.5,5
68,63,B,0.25,-0.5,7
63,63,B,0.25,-0.5,2
42,63,B,0.25,-0.5,5
31,63,B,0.25,-0.5,3
33,63,B,0.25,-0.5,6
57,63,B,0.25,-0.5,5
25,63,B,0.25,-0.5,5
45,63,B,0.25,-0.5,4
30,63,B,0.25,-0.5,5
18,63,B,0.25,-0.5,6
40,63,B,0.25,-0.5,7
65,63,B,0.25,-0.5,5
66,64,B,0.25,-0.5,5
20,64,B,0.25,-0.5,3
22,64,B,0.25,-0.5,5
69,64,B,0.25,-0.5,7
7,64,B,0.25,-0.5,5
41,64,B,0.25,-0.5,3
60,64,B,0.25,-0.5,3
19,64,B,0.25,-0.5,2
59,64,B,0.25,-0.5,5
15,64,B,0.25,-0.5,2
51,64,B,0.25,-0.5,2
8,64,B,0.25,-0.5,3
32,64,B,0.25,-0.5,5
6,64,B,0.25,-0.5,1
28,64,B,0.25,-0.5,4
10,64,B,0.25,-0.5,2
26,64,B,0.25,-0.5,4
53,64,B,0.25,-0.5,4
46,64,B,0.25,-0.5,3
24,64,B,0.25,-0.5,4
34,64,B,0.25,-0.5,1
16,64,B,0.25,-0.5,3
58,64,B,0.25,-0.5,1
12,64,B,0.25,-0.5,4
39,64,B,0.25,-0.5,2
38,64,B,0.25,-0.5,4
37,64,B,0.25,-0.5,6
43,64,B,0.25,-0.5,5
3,64,B,0.25,-0.5,2
54,64,B,0.25,-0.5,5
11,64,B,0.25,-0.5,3
61,64,B,0.25,-0.5,3
13,64,B,0.25,-0.5,2
70,64,B,0.25,-0.5,1
44,64,B,0.25,-0.5,6
14,64,B,0.25,-0.5,2
17,64,B,0.25,-0.5,3
27,64,B,0.25,-0.5,2
55,64,B,0.25,-0.5,5
36,64,B,0.25,-0.5,6
5,64,B,0.25,-0.5,6
21,64,B,0.25,-0.5,1
48,64,B,0.25,-0.5,1
23,64,B,0.25,-0.5,4
2,64,B,0.25,-0.5,4
35,64,B,0.25,-0.5,5
1,64,B,0.25,-0.5,7
67,64,B,0.25,-0.5,3
29,64,B,0.25,-0.5,5
52,64,B,0.25,-0.5,3
62,64,B,0.25,-0.5,4
50,64,B,0.25,-0.5,6
4,64,B,0.25,-0.5,5
9,64,B,0.25,-0.5,3
56,64,B,0.25,-0.5,1
49,64,B,0.25,-0.5,1
64,64,B,0.25,-0.5,1
47,64,B,0.25,-0.5,4
68,64,B,0.25,-0.5,5
63,64,B,0.25,-0.5,2
42,64,B,0.25,-0.5,6
31,64,B,0.25,-0.5,3
33,64,B,0.25,-0.5,4
57,64,B,0.25,-0.5,3
25,64,B,0.25,-0.5,4
45,64,B,0.25,-0.5,2
30,64,B,0.25,-0.5,2
18,64,B,0.25,-0.5,5
40,64,B,0.25,-0.5,6
65,64,B,0.25,-0.5,1
66,65,C,0.25,0.5,1
20,65,C,0.25,0.5,1
22,65,C,0.25,0.5,1
69,65,C,0.25,0.5,1
7,65,C,0.25,0.5,2
41,65,C,0.25,0.5,1
60,65,C,0.25,0.5,1
19,65,C,0.25,0.5,1
59,65,C,0.25,0.5,1
15,65,C,0.25,0.5,3
51,65,C,0.25,0.5,1
8,65,C,0.25,0.5,1
32,65,C,0.25,0.5,2
6,65,C,0.25,0.5,1
28,65,C,0.25,0.5,1
10,65,C,0.25,0.5,1
26,65,C,0.25,0.5,2
53,65,C,0.25,0.5,1
46,65,C,0.25,0.5,5
24,65,C,0.25,0.5,1
34,65,C,0.25,0.5,1
16,65,C,0.25,0.5,1
58,65,C,0.25,0.5,1
12,65,C,0.25,0.5,1
39,65,C,0.25,0.5,3
38,65,C,0.25,0.5,1
37,65,C,0.25,0.5,1
43,65,C,0.25,0.5,1
3,65,C,0.25,0.5,1
54,65,C,0.25,0.5,1
11,65,C,0.25,0.5,1
61,65,C,0.25,0.5,1
13,65,C,0.25,0.5,1
70,65,C,0.25,0.5,1
44,65,C,0.25,0.5,1
14,65,C,0.25,0.5,2
17,65,C,0.25,0.5,3
27,65,C,0.25,0.5,1
55,65,C,0.25,0.5,5
36,65,C,0.25,0.5,4
5,65,C,0.25,0.5,1
21,65,C,0.25,0.5,2
48,65,C,0.25,0.5,1
23,65,C,0.25,0.5,2
2,65,C,0.25,0.5,1
35,65,C,0.25,0.5,1
1,65,C,0.25,0.5,5
67,65,C,0.25,0.5,1
29,65,C,0.25,0.5,5
52,65,C,0.25,0.5,1
62,65,C,0.25,0.5,3
50,65,C,0.25,0.5,1
4,65,C,0.25,0.5,3
9,65,C,0.25,0.5,1
56,65,C,0.25,0.5,2
49,65,C,0.25,0.5,3
64,65,C,0.25,0.5,1
47,65,C,0.25,0.5,1
68,65,C,0.25,0.5,1
63,65,C,0.25,0.5,1
42,65,C,0.25,0.5,1
31,65,C,0.25,0.5,2
33,65,C,0.25,0.5,1
57,65,C,0.25,0.5,3
25,65,C,0.25,0.5,2
45,65,C,0.25,0.5,1
30,65,C,0.25,0.5,6
18,65,C,0.25,0.5,1
40,65,C,0.25,0.5,2
65,65,C,0.25,0.5,1
66,2,C,0.25,0.5,6
20,2,C,0.25,0.5,5
22,2,C,0.25,0.5,4
69,2,C,0.25,0.5,6
7,2,C,0.25,0.5,2
41,2,C,0.25,0.5,7
60,2,C,0.25,0.5,5
19,2,C,0.25,0.5,5
59,2,C,0.25,0.5,5
15,2,C,0.25,0.5,2
51,2,C,0.25,0.5,4
8,2,C,0.25,0.5,6
32,2,C,0.25,0.5,4
6,2,C,0.25,0.5,5
28,2,C,0.25,0.5,4
10,2,C,0.25,0.5,4
26,2,C,0.25,0.5,5
53,2,C,0.25,0.5,7
46,2,C,0.25,0.5,5
24,2,C,0.25,0.5,5
34,2,C,0.25,0.5,5
16,2,C,0.25,0.5,5
58,2,C,0.25,0.5,3
12,2,C,0.25,0.5,5
39,2,C,0.25,0.5,5
38,2,C,0.25,0.5,4
37,2,C,0.25,0.5,6
43,2,C,0.25,0.5,2
3,2,C,0.25,0.5,6
54,2,C,0.25,0.5,7
11,2,C,0.25,0.5,4
61,2,C,0.25,0.5,5
13,2,C,0.25,0.5,6
70,2,C,0.25,0.5,6
44,2,C,0.25,0.5,6
14,2,C,0.25,0.5,3
17,2,C,0.25,0.5,4
27,2,C,0.25,0.5,6
55,2,C,0.25,0.5,5
36,2,C,0.25,0.5,5
5,2,C,0.25,0.5,5
21,2,C,0.25,0.5,4
48,2,C,0.25,0.5,3
23,2,C,0.25,0.5,4
2,2,C,0.25,0.5,5
35,2,C,0.25,0.5,7
1,2,C,0.25,0.5,7
67,2,C,0.25,0.5,6
29,2,C,0.25,0.5,6
52,2,C,0.25,0.5,6
62,2,C,0.25,0.5,7
50,2,C,0.25,0.5,7
4,2,C,0.25,0.5,5
9,2,C,0.25,0.5,4
56,2,C,0.25,0.5,7
49,2,C,0.25,0.5,4
64,2,C,0.25,0.5,1
47,2,C,0.25,0.5,7
68,2,C,0.25,0.5,5
63,2,C,0.25,0.5,1
42,2,C,0.25,0.5,7
31,2,C,0.25,0.5,4
33,2,C,0.25,0.5,5
57,2,C,0.25,0.5,5
25,2,C,0.25,0.5,4
45,2,C,0.25,0.5,5
30,2,C,0.25,0.5,6
18,2,C,0.25,0.5,6
40,2,C,0.25,0.5,6
65,2,C,0.25,0.5,7
66,3,C,0.25,0.5,5
20,3,C,0.25,0.5,7
22,3,C,0.25,0.5,4
69,3,C,0.25,0.5,2
7,3,C,0.25,0.5,4
41,3,C,0.25,0.5,7
60,3,C,0.25,0.5,5
19,3,C,0.25,0.5,5
59,3,C,0.25,0.5,7
15,3,C,0.25,0.5,7
51,3,C,0.25,0.5,5
8,3,C,0.25,0.5,6
32,3,C,0.25,0.5,5
6,3,C,0.25,0.5,1
28,3,C,0.25,0.5,3
10,3,C,0.25,0.5,7
26,3,C,0.25,0.5,7
53,3,C,0.25,0.5,5
46,3,C,0.25,0.5,5
24,3,C,0.25,0.5,5
34,3,C,0.25,0.5,5
16,3,C,0.25,0.5,5
58,3,C,0.25,0.5,2
12,3,C,0.25,0.5,5
39,3,C,0.25,0.5,7
38,3,C,0.25,0.5,2
37,3,C,0.25,0.5,6
43,3,C,0.25,0.5,7
3,3,C,0.25,0.5,7
54,3,C,0.25,0.5,6
11,3,C,0.25,0.5,3
61,3,C,0.25,0.5,6
13,3,C,0.25,0.5,6
70,3,C,0.25,0.5,6
44,3,C,0.25,0.5,7
14,3,C,0.25,0.5,3
17,3,C,0.25,0.5,6
27,3,C,0.25,0.5,5
55,3,C,0.25,0.5,5
36,3,C,0.25,0.5,5
5,3,C,0.25,0.5,2
21,3,C,0.25,0.5,2
48,3,C,0.25,0.5,3
23,3,C,0.25,0.5,5
2,3,C,0.25,0.5,7
35,3,C,0.25,0.5,5
1,3,C,0.25,0.5,7
67,3,C,0.25,0.5,6
29,3,C,0.25,0.5,6
52,3,C,0.25,0.5,5
62,3,C,0.25,0.5,7
50,3,C,0.25,0.5,7
4,3,C,0.25,0.5,5
9,3,C,0.25,0.5,4
56,3,C,0.25,0.5,6
49,3,C,0.25,0.5,5
64,3,C,0.25,0.5,2
47,3,C,0.25,0.5,6
68,3,C,0.25,0.5,1
63,3,C,0.25,0.5,3
42,3,C,0.25,0.5,5
31,3,C,0.25,0.5,7
33,3,C,0.25,0.5,5
57,3,C,0.25,0.5,4
25,3,C,0.25,0.5,5
45,3,C,0.25,0.5,4
30,3,C,0.25,0.5,6
18,3,C,0.25,0.5,7
40,3,C,0.25,0.5,5
65,3,C,0.25,0.5,4
66,4,C,0.25,0.5,4
20,4,C,0.25,0.5,6
22,4,C,0.25,0.5,7
69,4,C,0.25,0.5,6
7,4,C,0.25,0.5,4
41,4,C,0.25,0.5,2
60,4,C,0.25,0.5,4
19,4,C,0.25,0.5,7
59,4,C,0.25,0.5,6
15,4,C,0.25,0.5,3
51,4,C,0.25,0.5,5
8,4,C,0.25,0.5,5
32,4,C,0.25,0.5,2
6,4,C,0.25,0.5,6
28,4,C,0.25,0.5,4
10,4,C,0.25,0.5,6
26,4,C,0.25,0.5,6
53,4,C,0.25,0.5,3
46,4,C,0.25,0.5,5
24,4,C,0.25,0.5,4
34,4,C,0.25,0.5,7
16,4,C,0.25,0.5,4
58,4,C,0.25,0.5,1
12,4,C,0.25,0.5,4
39,4,C,0.25,0.5,6
38,4,C,0.25,0.5,3
37,4,C,0.25,0.5,6
43,4,C,0.25,0.5,3
3,4,C,0.25,0.5,5
54,4,C,0.25,0.5,5
11,4,C,0.25,0.5,3
61,4,C,0.25,0.5,6
13,4,C,0.25,0.5,2
70,4,C,0.25,0.5,7
44,4,C,0.25,0.5,7
14,4,C,0.25,0.5,2
17,4,C,0.25,0.5,6
27,4,C,0.25,0.5,2
55,4,C,0.25,0.5,5
36,4,C,0.25,0.5,3
5,4,C,0.25,0.5,2
21,4,C,0.25,0.5,3
48,4,C,0.25,0.5,3
23,4,C,0.25,0.5,4
2,4,C,0.25,0.5,4
35,4,C,0.25,0.5,4
1,4,C,0.25,0.5,4
67,4,C,0.25,0.5,3
29,4,C,0.25,0.5,6
52,4,C,0.25,0.5,5
62,4,C,0.25,0.5,6
50,4,C,0.25,0.5,5
4,4,C,0.25,0.5,4
9,4,C,0.25,0.5,2
56,4,C,0.25,0.5,5
49,4,C,0.25,0.5,5
64,4,C,0.25,0.5,1
47,4,C,0.25,0.5,5
68,4,C,0.25,0.5,1
63,4,C,0.25,0.5,1
42,4,C,0.25,0.5,5
31,4,C,0.25,0.5,2
33,4,C,0.25,0.5,3
57,4,C,0.25,0.5,3
25,4,C,0.25,0.5,4
45,4,C,0.25,0.5,3
30,4,C,0.25,0.5,6
18,4,C,0.25,0.5,4
40,4,C,0.25,0.5,4
65,4,C,0.25,0.5,4
66,5,C,0.25,0.5,5
20,5,C,0.25,0.5,7
22,5,C,0.25,0.5,6
69,5,C,0.25,0.5,6
7,5,C,0.25,0.5,2
41,5,C,0.25,0.5,6
60,5,C,0.25,0.5,3
19,5,C,0.25,0.5,1
59,5,C,0.25,0.5,6
15,5,C,0.25,0.5,6
51,5,C,0.25,0.5,5
8,5,C,0.25,0.5,5
32,5,C,0.25,0.5,3
6,5,C,0.25,0.5,1
28,5,C,0.25,0.5,4
10,5,C,0.25,0.5,6
26,5,C,0.25,0.5,5
53,5,C,0.25,0.5,6
46,5,C,0.25,0.5,5
24,5,C,0.25,0.5,4
34,5,C,0.25,0.5,5
16,5,C,0.25,0.5,4
58,5,C,0.25,0.5,2
12,5,C,0.25,0.5,3
39,5,C,0.25,0.5,5
38,5,C,0.25,0.5,5
37,5,C,0.25,0.5,3
43,5,C,0.25,0.5,7
3,5,C,0.25,0.5,4
54,5,C,0.25,0.5,4
11,5,C,0.25,0.5,2
61,5,C,0.25,0.5,6
13,5,C,0.25,0.5,4
70,5,C,0.25,0.5,6
44,5,C,0.25,0.5,7
14,5,C,0.25,0.5,3
17,5,C,0.25,0.5,4
27,5,C,0.25,0.5,4
55,5,C,0.25,0.5,5
36,5,C,0.25,0.5,6
5,5,C,0.25,0.5,2
21,5,C,0.25,0.5,3
48,5,C,0.25,0.5,1
23,5,C,0.25,0.5,3
2,5,C,0.25,0.5,7
35,5,C,0.25,0.5,5
1,5,C,0.25,0.5,5
67,5,C,0.25,0.5,6
29,5,C,0.25,0.5,3
52,5,C,0.25,0.5,6
62,5,C,0.25,0.5,1
50,5,C,0.25,0.5,7
4,5,C,0.25,0.5,4
9,5,C,0.25,0.5,3
56,5,C,0.25,0.5,6
49,5,C,0.25,0.5,5
64,5,C,0.25,0.5,2
47,5,C,0.25,0.5,6
68,5,C,0.25,0.5,7
63,5,C,0.25,0.5,2
42,5,C,0.25,0.5,5
31,5,C,0.25,0.5,7
33,5,C,0.25,0.5,6
57,5,C,0.25,0.5,5
25,5,C,0.25,0.5,5
45,5,C,0.25,0.5,5
30,5,C,0.25,0.5,6
18,5,C,0.25,0.5,6
40,5,C,0.25,0.5,5
65,5,C,0.25,0.5,7
66,8,C,0.25,0.5,3
20,8,C,0.25,0.5,6
22,8,C,0.25,0.5,5
69,8,C,0.25,0.5,4
7,8,C,0.25,0.5,2
41,8,C,0.25,0.5,2
60,8,C,0.25,0.5,3
19,8,C,0.25,0.5,2
59,8,C,0.25,0.5,1
15,8,C,0.25,0.5,2
51,8,C,0.25,0.5,1
8,8,C,0.25,0.5,3
32,8,C,0.25,0.5,2
6,8,C,0.25,0.5,1
28,8,C,0.25,0.5,3
10,8,C,0.25,0.5,3
26,8,C,0.25,0.5,6
53,8,C,0.25,0.5,1
46,8,C,0.25,0.5,3
24,8,C,0.25,0.5,4
34,8,C,0.25,0.5,5
16,8,C,0.25,0.5,3
58,8,C,0.25,0.5,2
12,8,C,0.25,0.5,2
39,8,C,0.25,0.5,5
38,8,C,0.25,0.5,4
37,8,C,0.25,0.5,6
43,8,C,0.25,0.5,2
3,8,C,0.25,0.5,3
54,8,C,0.25,0.5,2
11,8,C,0.25,0.5,2
61,8,C,0.25,0.5,3
13,8,C,0.25,0.5,1
70,8,C,0.25,0.5,2
44,8,C,0.25,0.5,6
14,8,C,0.25,0.5,2
17,8,C,0.25,0.5,1
27,8,C,0.25,0.5,1
55,8,C,0.25,0.5,3
36,8,C,0.25,0.5,4
5,8,C,0.25,0.5,1
21,8,C,0.25,0.5,3
48,8,C,0.25,0.5,1
23,8,C,0.25,0.5,3
2,8,C,0.25,0.5,2
35,8,C,0.25,0.5,1
1,8,C,0.25,0.5,6
67,8,C,0.25,0.5,4
29,8,C,0.25,0.5,6
52,8,C,0.25,0.5,1
62,8,C,0.25,0.5,7
50,8,C,0.25,0.5,1
4,8,C,0.25,0.5,4
9,8,C,0.25,0.5,1
56,8,C,0.25,0.5,1
49,8,C,0.25,0.5,3
64,8,C,0.25,0.5,3
47,8,C,0.25,0.5,2
68,8,C,0.25,0.5,3
63,8,C,0.25,0.5,2
42,8,C,0.25,0.5,6
31,8,C,0.25,0.5,4
33,8,C,0.25,0.5,1
57,8,C,0.25,0.5,2
25,8,C,0.25,0.5,2
45,8,C,0.25,0.5,4
30,8,C,0.25,0.5,7
18,8,C,0.25,0.5,3
40,8,C,0.25,0.5,4
65,8,C,0.25,0.5,3
66,9,C,0.25,0.5,4
20,9,C,0.25,0.5,7
22,9,C,0.25,0.5,7
69,9,C,0.25,0.5,4
7,9,C,0.25,0.5,2
41,9,C,0.25,0.5,7
60,9,C,0.25,0.5,5
19,9,C,0.25,0.5,5
59,9,C,0.25,0.5,7
15,9,C,0.25,0.5,7
51,9,C,0.25,0.5,5
8,9,C,0.25,0.5,6
32,9,C,0.25,0.5,4
6,9,C,0.25,0.5,7
28,9,C,0.25,0.5,5
10,9,C,0.25,0.5,6
26,9,C,0.25,0.5,6
53,9,C,0.25,0.5,4
46,9,C,0.25,0.5,7
24,9,C,0.25,0.5,6
34,9,C,0.25,0.5,5
16,9,C,0.25,0.5,5
58,9,C,0.25,0.5,1
12,9,C,0.25,0.5,5
39,9,C,0.25,0.5,6
38,9,C,0.25,0.5,4
37,9,C,0.25,0.5,3
43,9,C,0.25,0.5,7
3,9,C,0.25,0.5,7
54,9,C,0.25,0.5,2
11,9,C,0.25,0.5,4
61,9,C,0.25,0.5,7
13,9,C,0.25,0.5,6
70,9,C,0.25,0.5,6
44,9,C,0.25,0.5,6
14,9,C,0.25,0.5,3
17,9,C,0.25,0.5,5
27,9,C,0.25,0.5,6
55,9,C,0.25,0.5,6
36,9,C,0.25,0.5,4
5,9,C,0.25,0.5,1
21,9,C,0.25,0.5,3
48,9,C,0.25,0.5,2
23,9,C,0.25,0.5,5
2,9,C,0.25,0.5,5
35,9,C,0.25,0.5,3
1,9,C,0.25,0.5,5
67,9,C,0.25,0.5,4
29,9,C,0.25,0.5,6
52,9,C,0.25,0.5,6
62,9,C,0.25,0.5,6
50,9,C,0.25,0.5,6
4,9,C,0.25,0.5,5
9,9,C,0.25,0.5,4
56,9,C,0.25,0.5,7
49,9,C,0.25,0.5,4
64,9,C,0.25,0.5,1
47,9,C,0.25,0.5,5
68,9,C,0.25,0.5,5
63,9,C,0.25,0.5,2
42,9,C,0.25,0.5,5
31,9,C,0.25,0.5,3
33,9,C,0.25,0.5,2
57,9,C,0.25,0.5,5
25,9,C,0.25,0.5,5
45,9,C,0.25,0.5,4
30,9,C,0.25,0.5,5
18,9,C,0.25,0.5,7
40,9,C,0.25,0.5,6
65,9,C,0.25,0.5,3
66,14,C,0.25,0.5,1
20,14,C,0.25,0.5,3
22,14,C,0.25,0.5,4
69,14,C,0.25,0.5,3
7,14,C,0.25,0.5,2
41,14,C,0.25,0.5,1
60,14,C,0.25,0.5,2
19,14,C,0.25,0.5,1
59,14,C,0.25,0.5,4
15,14,C,0.25,0.5,3
51,14,C,0.25,0.5,5
8,14,C,0.25,0.5,2
32,14,C,0.25,0.5,5
6,14,C,0.25,0.5,1
28,14,C,0.25,0.5,2
10,14,C,0.25,0.5,1
26,14,C,0.25,0.5,3
53,14,C,0.25,0.5,1
46,14,C,0.25,0.5,3
24,14,C,0.25,0.5,1
34,14,C,0.25,0.5,1
16,14,C,0.25,0.5,1
58,14,C,0.25,0.5,1
12,14,C,0.25,0.5,3
39,14,C,0.25,0.5,1
38,14,C,0.25,0.5,2
37,14,C,0.25,0.5,1
43,14,C,0.25,0.5,1
3,14,C,0.25,0.5,1
54,14,C,0.25,0.5,1
11,14,C,0.25,0.5,2
61,14,C,0.25,0.5,2
13,14,C,0.25,0.5,1
70,14,C,0.25,0.5,1
44,14,C,0.25,0.5,1
14,14,C,0.25,0.5,3
17,14,C,0.25,0.5,1
27,14,C,0.25,0.5,2
55,14,C,0.25,0.5,3
36,14,C,0.25,0.5,3
5,14,C,0.25,0.5,1
21,14,C,0.25,0.5,3
48,14,C,0.25,0.5,1
23,14,C,0.25,0.5,2
2,14,C,0.25,0.5,2
35,14,C,0.25,0.5,5
1,14,C,0.25,0.5,5
67,14,C,0.25,0.5,3
29,14,C,0.25,0.5,7
52,14,C,0.25,0.5,2
62,14,C,0.25,0.5,7
50,14,C,0.25,0.5,2
4,14,C,0.25,0.5,4
9,14,C,0.25,0.5,1
56,14,C,0.25,0.5,1
49,14,C,0.25,0.5,3
64,14,C,0.25,0.5,2
47,14,C,0.25,0.5,2
68,14,C,0.25,0.5,1
63,14,C,0.25,0.5,2
42,14,C,0.25,0.5,2
31,14,C,0.25,0.5,3
33,14,C,0.25,0.5,1
57,14,C,0.25,0.5,3
25,14,C,0.25,0.5,3
45,14,C,0.25,0.5,1
30,14,C,0.25,0.5,6
18,14,C,0.25,0.5,4
40,14,C,0.25,0.5,3
65,14,C,0.25,0.5,1
66,16,C,0.25,0.5,4
20,16,C,0.25,0.5,4
22,16,C,0.25,0.5,6
69,16,C,0.25,0.5,2
7,16,C,0.25,0.5,2
41,16,C,0.25,0.5,4
60,16,C,0.25,0.5,3
19,16,C,0.25,0.5,2
59,16,C,0.25,0.5,2
15,16,C,0.25,0.5,4
51,16,C,0.25,0.5,5
8,16,C,0.25,0.5,4
32,16,C,0.25,0.5,2
6,16,C,0.25,0.5,1
28,16,C,0.25,0.5,4
10,16,C,0.25,0.5,3
26,16,C,0.25,0.5,5
53,16,C,0.25,0.5,5
46,16,C,0.25,0.5,4
24,16,C,0.25,0.5,2
34,16,C,0.25,0.5,2
16,16,C,0.25,0.5,1
58,16,C,0.25,0.5,1
12,16,C,0.25,0.5,5
39,16,C,0.25,0.5,2
38,16,C,0.25,0.5,2
37,16,C,0.25,0.5,3
43,16,C,0.25,0.5,5
3,16,C,0.25,0.5,7
54,16,C,0.25,0.5,6
11,16,C,0.25,0.5,1
61,16,C,0.25,0.5,5
13,16,C,0.25,0.5,1
70,16,C,0.25,0.5,1
44,16,C,0.25,0.5,5
14,16,C,0.25,0.5,2
17,16,C,0.25,0.5,1
27,16,C,0.25,0.5,3
55,16,C,0.25,0.5,2
36,16,C,0.25,0.5,5
5,16,C,0.25,0.5,1
21,16,C,0.25,0.5,4
48,16,C,0.25,0.5,1
23,16,C,0.25,0.5,3
2,16,C,0.25,0.5,6
35,16,C,0.25,0.5,4
1,16,C,0.25,0.5,5
67,16,C,0.25,0.5,4
29,16,C,0.25,0.5,6
52,16,C,0.25,0.5,2
62,16,C,0.25,0.5,5
50,16,C,0.25,0.5,1
4,16,C,0.25,0.5,3
9,16,C,0.25,0.5,1
56,16,C,0.25,0.5,2
49,16,C,0.25,0.5,4
64,16,C,0.25,0.5,1
47,16,C,0.25,0.5,4
68,16,C,0.25,0.5,1
63,16,C,0.25,0.5,1
42,16,C,0.25,0.5,1
31,16,C,0.25,0.5,3
33,16,C,0.25,0.5,4
57,16,C,0.25,0.5,3
25,16,C,0.25,0.5,2
45,16,C,0.25,0.5,2
30,16,C,0.25,0.5,4
18,16,C,0.25,0.5,3
40,16,C,0.25,0.5,3
65,16,C,0.25,0.5,3
66,17,C,0.25,0.5,2
20,17,C,0.25,0.5,7
22,17,C,0.25,0.5,6
69,17,C,0.25,0.5,5
7,17,C,0.25,0.5,1
41,17,C,0.25,0.5,5
60,17,C,0.25,0.5,3
19,17,C,0.25,0.5,1
59,17,C,0.25,0.5,2
15,17,C,0.25,0.5,3
51,17,C,0.25,0.5,6
8,17,C,0.25,0.5,5
32,17,C,0.25,0.5,3
6,17,C,0.25,0.5,1
28,17,C,0.25,0.5,3
10,17,C,0.25,0.5,2
26,17,C,0.25,0.5,3
53,17,C,0.25,0.5,1
46,17,C,0.25,0.5,3
24,17,C,0.25,0.5,2
34,17,C,0.25,0.5,1
16,17,C,0.25,0.5,3
58,17,C,0.25,0.5,2
12,17,C,0.25,0.5,3
39,17,C,0.25,0.5,4
38,17,C,0.25,0.5,4
37,17,C,0.25,0.5,6
43,17,C,0.25,0.5,4
3,17,C,0.25,0.5,5
54,17,C,0.25,0.5,4
11,17,C,0.25,0.5,2
61,17,C,0.25,0.5,1
13,17,C,0.25,0.5,4
70,17,C,0.25,0.5,3
44,17,C,0.25,0.5,6
14,17,C,0.25,0.5,2
17,17,C,0.25,0.5,2
27,17,C,0.25,0.5,1
55,17,C,0.25,0.5,4
36,17,C,0.25,0.5,5
5,17,C,0.25,0.5,5
21,17,C,0.25,0.5,2
48,17,C,0.25,0.5,1
23,17,C,0.25,0.5,3
2,17,C,0.25,0.5,4
35,17,C,0.25,0.5,2
1,17,C,0.25,0.5,5
67,17,C,0.25,0.5,5
29,17,C,0.25,0.5,5
52,17,C,0.25,0.5,1
62,17,C,0.25,0.5,5
50,17,C,0.25,0.5,4
4,17,C,0.25,0.5,4
9,17,C,0.25,0.5,2
56,17,C,0.25,0.5,2
49,17,C,0.25,0.5,5
64,17,C,0.25,0.5,1
47,17,C,0.25,0.5,5
68,17,C,0.25,0.5,3
63,17,C,0.25,0.5,1
42,17,C,0.25,0.5,5
31,17,C,0.25,0.5,4
33,17,C,0.25,0.5,1
57,17,C,0.25,0.5,4
25,17,C,0.25,0.5,3
45,17,C,0.25,0.5,1
30,17,C,0.25,0.5,4
18,17,C,0.25,0.5,5
40,17,C,0.25,0.5,4
65,17,C,0.25,0.5,3
66,19,C,0.25,0.5,3
20,19,C,0.25,0.5,4
22,19,C,0.25,0.5,4
69,19,C,0.25,0.5,5
7,19,C,0.25,0.5,2
41,19,C,0.25,0.5,3
60,19,C,0.25,0.5,3
19,19,C,0.25,0.5,1
59,19,C,0.25,0.5,1
15,19,C,0.25,0.5,3
51,19,C,0.25,0.5,1
8,19,C,0.25,0.5,4
32,19,C,0.25,0.5,4
6,19,C,0.25,0.5,1
28,19,C,0.25,0.5,2
10,19,C,0.25,0.5,2
26,19,C,0.25,0.5,6
53,19,C,0.25,0.5,1
46,19,C,0.25,0.5,2
24,19,C,0.25,0.5,2
34,19,C,0.25,0.5,3
16,19,C,0.25,0.5,1
58,19,C,0.25,0.5,2
12,19,C,0.25,0.5,1
39,19,C,0.25,0.5,3
38,19,C,0.25,0.5,3
37,19,C,0.25,0.5,2
43,19,C,0.25,0.5,1
3,19,C,0.25,0.5,2
54,19,C,0.25,0.5,2
11,19,C,0.25,0.5,2
61,19,C,0.25,0.5,2
13,19,C,0.25,0.5,1
70,19,C,0.25,0.5,1
44,19,C,0.25,0.5,5
14,19,C,0.25,0.5,2
17,19,C,0.25,0.5,1
27,19,C,0.25,0.5,2
55,19,C,0.25,0.5,5
36,19,C,0.25,0.5,4
5,19,C,0.25,0.5,1
21,19,C,0.25,0.5,2
48,19,C,0.25,0.5,1
23,19,C,0.25,0.5,2
2,19,C,0.25,0.5,7
35,19,C,0.25,0.5,5
1,19,C,0.25,0.5,5
67,19,C,0.25,0.5,4
29,19,C,0.25,0.5,4
52,19,C,0.25,0.5,1
62,19,C,0.25,0.5,5
50,19,C,0.25,0.5,4
4,19,C,0.25,0.5,5
9,19,C,0.25,0.5,3
56,19,C,0.25,0.5,6
49,19,C,0.25,0.5,4
64,19,C,0.25,0.5,1
47,19,C,0.25,0.5,4
68,19,C,0.25,0.5,3
63,19,C,0.25,0.5,1
42,19,C,0.25,0.5,6
31,19,C,0.25,0.5,7
33,19,C,0.25,0.5,1
57,19,C,0.25,0.5,1
25,19,C,0.25,0.5,2
45,19,C,0.25,0.5,2
30,19,C,0.25,0.5,6
18,19,C,0.25,0.5,2
40,19,C,0.25,0.5,5
65,19,C,0.25,0.5,5
66,26,C,0.25,0.5,2
20,26,C,0.25,0.5,5
22,26,C,0.25,0.5,5
69,26,C,0.25,0.5,2
7,26,C,0.25,0.5,2
41,26,C,0.25,0.5,1
60,26,C,0.25,0.5,2
19,26,C,0.25,0.5,4
59,26,C,0.25,0.5,1
15,26,C,0.25,0.5,1
51,26,C,0.25,0.5,4
8,26,C,0.25,0.5,2
32,26,C,0.25,0.5,3
6,26,C,0.25,0.5,2
28,26,C,0.25,0.5,2
10,26,C,0.25,0.5,1
26,26,C,0.25,0.5,2
53,26,C,0.25,0.5,1
46,26,C,0.25,0.5,3
24,26,C,0.25,0.5,1
34,26,C,0.25,0.5,1
16,26,C,0.25,0.5,1
58,26,C,0.25,0.5,1
12,26,C,0.25,0.5,2
39,26,C,0.25,0.5,4
38,26,C,0.25,0.5,4
37,26,C,0.25,0.5,2
43,26,C,0.25,0.5,1
3,26,C,0.25,0.5,1
54,26,C,0.25,0.5,3
11,26,C,0.25,0.5,2
61,26,C,0.25,0.5,1
13,26,C,0.25,0.5,1
70,26,C,0.25,0.5,5
44,26,C,0.25,0.5,5
14,26,C,0.25,0.5,2
17,26,C,0.25,0.5,3
27,26,C,0.25,0.5,1
55,26,C,0.25,0.5,4
36,26,C,0.25,0.5,2
5,26,C,0.25,0.5,1
21,26,C,0.25,0.5,3
48,26,C,0.25,0.5,1
23,26,C,0.25,0.5,2
2,26,C,0.25,0.5,4
35,26,C,0.25,0.5,3
1,26,C,0.25,0.5,6
67,26,C,0.25,0.5,5
29,26,C,0.25,0.5,6
52,26,C,0.25,0.5,2
62,26,C,0.25,0.5,7
50,26,C,0.25,0.5,5
4,26,C,0.25,0.5,2
9,26,C,0.25,0.5,1
56,26,C,0.25,0.5,1
49,26,C,0.25,0.5,3
64,26,C,0.25,0.5,2
47,26,C,0.25,0.5,2
68,26,C,0.25,0.5,1
63,26,C,0.25,0.5,2
42,26,C,0.25,0.5,4
31,26,C,0.25,0.5,3
33,26,C,0.25,0.5,1
57,26,C,0.25,0.5,3
25,26,C,0.25,0.5,3
45,26,C,0.25,0.5,2
30,26,C,0.25,0.5,4
18,26,C,0.25,0.5,1
40,26,C,0.25,0.5,3
65,26,C,0.25,0.5,1
66,31,C,0.25,0.5,2
20,31,C,0.25,0.5,6
22,31,C,0.25,0.5,6
69,31,C,0.25,0.5,1
7,31,C,0.25,0.5,2
41,31,C,0.25,0.5,1
60,31,C,0.25,0.5,3
19,31,C,0.25,0.5,3
59,31,C,0.25,0.5,1
15,31,C,0.25,0.5,4
51,31,C,0.25,0.5,1
8,31,C,0.25,0.5,2
32,31,C,0.25,0.5,1
6,31,C,0.25,0.5,1
28,31,C,0.25,0.5,2
10,31,C,0.25,0.5,1
26,31,C,0.25,0.5,4
53,31,C,0.25,0.5,1
46,31,C,0.25,0.5,2
24,31,C,0.25,0.5,2
34,31,C,0.25,0.5,1
16,31,C,0.25,0.5,1
58,31,C,0.25,0.5,1
12,31,C,0.25,0.5,1
39,31,C,0.25,0.5,4
38,31,C,0.25,0.5,1
37,31,C,0.25,0.5,3
43,31,C,0.25,0.5,1
3,31,C,0.25,0.5,1
54,31,C,0.25,0.5,2
11,31,C,0.25,0.5,2
61,31,C,0.25,0.5,3
13,31,C,0.25,0.5,1
70,31,C,0.25,0.5,1
44,31,C,0.25,0.5,1
14,31,C,0.25,0.5,2
17,31,C,0.25,0.5,3
27,31,C,0.25,0.5,3
55,31,C,0.25,0.5,3
36,31,C,0.25,0.5,3
5,31,C,0.25,0.5,1
21,31,C,0.25,0.5,2
48,31,C,0.25,0.5,2
23,31,C,0.25,0.5,2
2,31,C,0.25,0.5,2
35,31,C,0.25,0.5,2
1,31,C,0.25,0.5,6
67,31,C,0.25,0.5,2
29,31,C,0.25,0.5,3
52,31,C,0.25,0.5,1
62,31,C,0.25,0.5,3
50,31,C,0.25,0.5,1
4,31,C,0.25,0.5,5
9,31,C,0.25,0.5,2
56,31,C,0.25,0.5,2
49,31,C,0.25,0.5,3
64,31,C,0.25,0.5,2
47,31,C,0.25,0.5,3
68,31,C,0.25,0.5,1
63,31,C,0.25,0.5,1
42,31,C,0.25,0.5,3
31,31,C,0.25,0.5,2
33,31,C,0.25,0.5,1
57,31,C,0.25,0.5,3
25,31,C,0.25,0.5,5
45,31,C,0.25,0.5,1
30,31,C,0.25,0.5,5
18,31,C,0.25,0.5,2
40,31,C,0.25,0.5,2
65,31,C,0.25,0.5,2
66,38,C,0.25,0.5,3
20,38,C,0.25,0.5,1
22,38,C,0.25,0.5,3
69,38,C,0.25,0.5,6
7,38,C,0.25,0.5,2
41,38,C,0.25,0.5,1
60,38,C,0.25,0.5,3
19,38,C,0.25,0.5,3
59,38,C,0.25,0.5,1
15,38,C,0.25,0.5,1
51,38,C,0.25,0.5,2
8,38,C,0.25,0.5,1
32,38,C,0.25,0.5,1
6,38,C,0.25,0.5,1
28,38,C,0.25,0.5,2
10,38,C,0.25,0.5,1
26,38,C,0.25,0.5,3
53,38,C,0.25,0.5,4
46,38,C,0.25,0.5,3
24,38,C,0.25,0.5,1
34,38,C,0.25,0.5,1
16,38,C,0.25,0.5,1
58,38,C,0.25,0.5,2
12,38,C,0.25,0.5,1
39,38,C,0.25,0.5,4
38,38,C,0.25,0.5,4
37,38,C,0.25,0.5,1
43,38,C,0.25,0.5,1
3,38,C,0.25,0.5,1
54,38,C,0.25,0.5,2
11,38,C,0.25,0.5,2
61,38,C,0.25,0.5,3
13,38,C,0.25,0.5,1
70,38,C,0.25,0.5,3
44,38,C,0.25,0.5,4
14,38,C,0.25,0.5,2
17,38,C,0.25,0.5,3
27,38,C,0.25,0.5,2
55,38,C,0.25,0.5,2
36,38,C,0.25,0.5,3
5,38,C,0.25,0.5,1
21,38,C,0.25,0.5,1
48,38,C,0.25,0.5,1
23,38,C,0.25,0.5,2
2,38,C,0.25,0.5,7
35,38,C,0.25,0.5,5
1,38,C,0.25,0.5,5
67,38,C,0.25,0.5,2
29,38,C,0.25,0.5,6
52,38,C,0.25,0.5,1
62,38,C,0.25,0.5,3
50,38,C,0.25,0.5,2
4,38,C,0.25,0.5,3
9,38,C,0.25,0.5,2
56,38,C,0.25,0.5,1
49,38,C,0.25,0.5,3
64,38,C,0.25,0.5,2
47,38,C,0.25,0.5,4
68,38,C,0.25,0.5,1
63,38,C,0.25,0.5,2
42,38,C,0.25,0.5,1
31,38,C,0.25,0.5,1
33,38,C,0.25,0.5,1
57,38,C,0.25,0.5,3
25,38,C,0.25,0.5,4
45,38,C,0.25,0.5,1
30,38,C,0.25,0.5,5
18,38,C,0.25,0.5,2
40,38,C,0.25,0.5,3
65,38,C,0.25,0.5,1
66,40,C,0.25,0.5,1
20,40,C,0.25,0.5,1
22,40,C,0.25,0.5,5
69,40,C,0.25,0.5,6
7,40,C,0.25,0.5,2
41,40,C,0.25,0.5,1
60,40,C,0.25,0.5,3
19,40,C,0.25,0.5,1
59,40,C,0.25,0.5,1
15,40,C,0.25,0.5,2
51,40,C,0.25,0.5,1
8,40,C,0.25,0.5,2
32,40,C,0.25,0.5,3
6,40,C,0.25,0.5,1
28,40,C,0.25,0.5,2
10,40,C,0.25,0.5,1
26,40,C,0.25,0.5,2
53,40,C,0.25,0.5,1
46,40,C,0.25,0.5,2
24,40,C,0.25,0.5,1
34,40,C,0.25,0.5,1
16,40,C,0.25,0.5,1
58,40,C,0.25,0.5,1
12,40,C,0.25,0.5,1
39,40,C,0.25,0.5,2
38,40,C,0.25,0.5,1
37,40,C,0.25,0.5,6
43,40,C,0.25,0.5,1
3,40,C,0.25,0.5,1
54,40,C,0.25,0.5,1
11,40,C,0.25,0.5,1
61,40,C,0.25,0.5,1
13,40,C,0.25,0.5,1
70,40,C,0.25,0.5,1
44,40,C,0.25,0.5,5
14,40,C,0.25,0.5,2
17,40,C,0.25,0.5,2
27,40,C,0.25,0.5,1
55,40,C,0.25,0.5,2
36,40,C,0.25,0.5,3
5,40,C,0.25,0.5,1
21,40,C,0.25,0.5,3
48,40,C,0.25,0.5,1
23,40,C,0.25,0.5,2
2,40,C,0.25,0.5,1
35,40,C,0.25,0.5,1
1,40,C,0.25,0.5,5
67,40,C,0.25,0.5,2
29,40,C,0.25,0.5,6
52,40,C,0.25,0.5,2
62,40,C,0.25,0.5,1
50,40,C,0.25,0.5,2
4,40,C,0.25,0.5,3
9,40,C,0.25,0.5,1
56,40,C,0.25,0.5,1
49,40,C,0.25,0.5,3
64,40,C,0.25,0.5,1
47,40,C,0.25,0.5,2
68,40,C,0.25,0.5,1
63,40,C,0.25,0.5,1
42,40,C,0.25,0.5,2
31,40,C,0.25,0.5,2
33,40,C,0.25,0.5,1
57,40,C,0.25,0.5,2
25,40,C,0.25,0.5,2
45,40,C,0.25,0.5,1
30,40,C,0.25,0.5,5
18,40,C,0.25,0.5,1
40,40,C,0.25,0.5,2
65,40,C,0.25,0.5,1
66,42,C,0.25,0.5,4
20,42,C,0.25,0.5,6
22,42,C,0.25,0.5,5
69,42,C,0.25,0.5,2
7,42,C,0.25,0.5,2
41,42,C,0.25,0.5,7
60,42,C,0.25,0.5,2
19,42,C,0.25,0.5,2
59,42,C,0.25,0.5,5
15,42,C,0.25,0.5,4
51,42,C,0.25,0.5,4
8,42,C,0.25,0.5,3
32,42,C,0.25,0.5,3
6,42,C,0.25,0.5,1
28,42,C,0.25,0.5,3
10,42,C,0.25,0.5,2
26,42,C,0.25,0.5,6
53,42,C,0.25,0.5,1
46,42,C,0.25,0.5,5
24,42,C,0.25,0.5,2
34,42,C,0.25,0.5,3
16,42,C,0.25,0.5,4
58,42,C,0.25,0.5,2
12,42,C,0.25,0.5,3
39,42,C,0.25,0.5,2
38,42,C,0.25,0.5,3
37,42,C,0.25,0.5,1
43,42,C,0.25,0.5,3
3,42,C,0.25,0.5,5
54,42,C,0.25,0.5,3
11,42,C,0.25,0.5,3
61,42,C,0.25,0.5,4
13,42,C,0.25,0.5,4
70,42,C,0.25,0.5,5
44,42,C,0.25,0.5,6
14,42,C,0.25,0.5,2
17,42,C,0.25,0.5,2
27,42,C,0.25,0.5,3
55,42,C,0.25,0.5,4
36,42,C,0.25,0.5,3
5,42,C,0.25,0.5,4
21,42,C,0.25,0.5,3
48,42,C,0.25,0.5,2
23,42,C,0.25,0.5,2
2,42,C,0.25,0.5,4
35,42,C,0.25,0.5,5
1,42,C,0.25,0.5,5
67,42,C,0.25,0.5,6
29,42,C,0.25,0.5,4
52,42,C,0.25,0.5,5
62,42,C,0.25,0.5,6
50,42,C,0.25,0.5,2
4,42,C,0.25,0.5,5
9,42,C,0.25,0.5,2
56,42,C,0.25,0.5,5
49,42,C,0.25,0.5,1
64,42,C,0.25,0.5,1
47,42,C,0.25,0.5,4
68,42,C,0.25,0.5,5
63,42,C,0.25,0.5,3
42,42,C,0.25,0.5,2
31,42,C,0.25,0.5,3
33,42,C,0.25,0.5,1
57,42,C,0.25,0.5,3
25,42,C,0.25,0.5,4
45,42,C,0.25,0.5,1
30,42,C,0.25,0.5,5
18,42,C,0.25,0.5,2
40,42,C,0.25,0.5,5
65,42,C,0.25,0.5,1
66,43,C,0.25,0.5,4
20,43,C,0.25,0.5,2
22,43,C,0.25,0.5,4
69,43,C,0.25,0.5,3
7,43,C,0.25,0.5,2
41,43,C,0.25,0.5,1
60,43,C,0.25,0.5,1
19,43,C,0.25,0.5,1
59,43,C,0.25,0.5,1
15,43,C,0.25,0.5,3
51,43,C,0.25,0.5,1
8,43,C,0.25,0.5,1
32,43,C,0.25,0.5,1
6,43,C,0.25,0.5,1
28,43,C,0.25,0.5,2
10,43,C,0.25,0.5,1
26,43,C,0.25,0.5,5
53,43,C,0.25,0.5,4
46,43,C,0.25,0.5,3
24,43,C,0.25,0.5,2
34,43,C,0.25,0.5,1
16,43,C,0.25,0.5,1
58,43,C,0.25,0.5,1
12,43,C,0.25,0.5,1
39,43,C,0.25,0.5,2
38,43,C,0.25,0.5,2
37,43,C,0.25,0.5,6
43,43,C,0.25,0.5,1
3,43,C,0.25,0.5,1
54,43,C,0.25,0.5,1
11,43,C,0.25,0.5,2
61,43,C,0.25,0.5,1
13,43,C,0.25,0.5,1
70,43,C,0.25,0.5,1
44,43,C,0.25,0.5,6
14,43,C,0.25,0.5,2
17,43,C,0.25,0.5,1
27,43,C,0.25,0.5,1
55,43,C,0.25,0.5,3
36,43,C,0.25,0.5,3
5,43,C,0.25,0.5,4
21,43,C,0.25,0.5,1
48,43,C,0.25,0.5,1
23,43,C,0.25,0.5,2
2,43,C,0.25,0.5,5
35,43,C,0.25,0.5,1
1,43,C,0.25,0.5,5
67,43,C,0.25,0.5,1
29,43,C,0.25,0.5,2
52,43,C,0.25,0.5,2
62,43,C,0.25,0.5,7
50,43,C,0.25,0.5,1
4,43,C,0.25,0.5,2
9,43,C,0.25,0.5,1
56,43,C,0.25,0.5,1
49,43,C,0.25,0.5,2
64,43,C,0.25,0.5,1
47,43,C,0.25,0.5,1
68,43,C,0.25,0.5,1
63,43,C,0.25,0.5,2
42,43,C,0.25,0.5,1
31,43,C,0.25,0.5,2
33,43,C,0.25,0.5,1
57,43,C,0.25,0.5,2
25,43,C,0.25,0.5,3
45,43,C,0.25,0.5,3
30,43,C,0.25,0.5,5
18,43,C,0.25,0.5,1
40,43,C,0.25,0.5,3
65,43,C,0.25,0.5,1
66,52,C,0.25,0.5,4
20,52,C,0.25,0.5,5
22,52,C,0.25,0.5,6
69,52,C,0.25,0.5,6
7,52,C,0.25,0.5,2
41,52,C,0.25,0.5,7
60,52,C,0.25,0.5,4
19,52,C,0.25,0.5,2
59,52,C,0.25,0.5,5
15,52,C,0.25,0.5,2
51,52,C,0.25,0.5,5
8,52,C,0.25,0.5,3
32,52,C,0.25,0.5,5
6,52,C,0.25,0.5,1
28,52,C,0.25,0.5,3
10,52,C,0.25,0.5,3
26,52,C,0.25,0.5,6
53,52,C,0.25,0.5,5
46,52,C,0.25,0.5,7
24,52,C,0.25,0.5,4
34,52,C,0.25,0.5,1
16,52,C,0.25,0.5,5
58,52,C,0.25,0.5,1
12,52,C,0.25,0.5,4
39,52,C,0.25,0.5,3
38,52,C,0.25,0.5,3
37,52,C,0.25,0.5,5
43,52,C,0.25,0.5,5
3,52,C,0.25,0.5,6
54,52,C,0.25,0.5,1
11,52,C,0.25,0.5,2
61,52,C,0.25,0.5,6
13,52,C,0.25,0.5,1
70,52,C,0.25,0.5,7
44,52,C,0.25,0.5,6
14,52,C,0.25,0.5,2
17,52,C,0.25,0.5,2
27,52,C,0.25,0.5,6
55,52,C,0.25,0.5,4
36,52,C,0.25,0.5,5
5,52,C,0.25,0.5,7
21,52,C,0.25,0.5,2
48,52,C,0.25,0.5,4
23,52,C,0.25,0.5,2
2,52,C,0.25,0.5,5
35,52,C,0.25,0.5,4
1,52,C,0.25,0.5,5
67,52,C,0.25,0.5,4
29,52,C,0.25,0.5,4
52,52,C,0.25,0.5,3
62,52,C,0.25,0.5,6
50,52,C,0.25,0.5,4
4,52,C,0.25,0.5,5
9,52,C,0.25,0.5,5
56,52,C,0.25,0.5,7
49,52,C,0.25,0.5,5
64,52,C,0.25,0.5,1
47,52,C,0.25,0.5,5
68,52,C,0.25,0.5,1
63,52,C,0.25,0.5,3
42,52,C,0.25,0.5,3
31,52,C,0.25,0.5,3
33,52,C,0.25,0.5,4
57,52,C,0.25,0.5,6
25,52,C,0.25,0.5,5
45,52,C,0.25,0.5,5
30,52,C,0.25,0.5,6
18,52,C,0.25,0.5,7
40,52,C,0.25,0.5,3
65,52,C,0.25,0.5,7
66,54,C,0.25,0.5,3
20,54,C,0.25,0.5,2
22,54,C,0.25,0.5,7
69,54,C,0.25,0.5,3
7,54,C,0.25,0.5,3
41,54,C,0.25,0.5,4
60,54,C,0.25,0.5,2
19,54,C,0.25,0.5,5
59,54,C,0.25,0.5,6
15,54,C,0.25,0.5,6
51,54,C,0.25,0.5,4
8,54,C,0.25,0.5,4
32,54,C,0.25,0.5,4
6,54,C,0.25,0.5,4
28,54,C,0.25,0.5,3
10,54,C,0.25,0.5,7
26,54,C,0.25,0.5,5
53,54,C,0.25,0.5,4
46,54,C,0.25,0.5,5
24,54,C,0.25,0.5,4
34,54,C,0.25,0.5,5
16,54,C,0.25,0.5,2
58,54,C,0.25,0.5,1
12,54,C,0.25,0.5,3
39,54,C,0.25,0.5,6
38,54,C,0.25,0.5,4
37,54,C,0.25,0.5,3
43,54,C,0.25,0.5,5
3,54,C,0.25,0.5,6
54,54,C,0.25,0.5,7
11,54,C,0.25,0.5,3
61,54,C,0.25,0.5,5
13,54,C,0.25,0.5,6
70,54,C,0.25,0.5,6
44,54,C,0.25,0.5,6
14,54,C,0.25,0.5,2
17,54,C,0.25,0.5,4
27,54,C,0.25,0.5,5
55,54,C,0.25,0.5,5
36,54,C,0.25,0.5,5
5,54,C,0.25,0.5,5
21,54,C,0.25,0.5,3
48,54,C,0.25,0.5,2
23,54,C,0.25,0.5,4
2,54,C,0.25,0.5,6
35,54,C,0.25,0.5,7
1,54,C,0.25,0.5,6
67,54,C,0.25,0.5,6
29,54,C,0.25,0.5,6
52,54,C,0.25,0.5,5
62,54,C,0.25,0.5,5
50,54,C,0.25,0.5,6
4,54,C,0.25,0.5,5
9,54,C,0.25,0.5,2
56,54,C,0.25,0.5,7
49,54,C,0.25,0.5,4
64,54,C,0.25,0.5,1
47,54,C,0.25,0.5,5
68,54,C,0.25,0.5,4
63,54,C,0.25,0.5,2
42,54,C,0.25,0.5,5
31,54,C,0.25,0.5,2
33,54,C,0.25,0.5,2
57,54,C,0.25,0.5,2
25,54,C,0.25,0.5,2
45,54,C,0.25,0.5,3
30,54,C,0.25,0.5,6
18,54,C,0.25,0.5,5
40,54,C,0.25,0.5,5
65,54,C,0.25,0.5,5
66,58,C,0.25,0.5,3
20,58,C,0.25,0.5,6
22,58,C,0.25,0.5,7
69,58,C,0.25,0.5,1
7,58,C,0.25,0.5,2
41,58,C,0.25,0.5,4
60,58,C,0.25,0.5,2
19,58,C,0.25,0.5,1
59,58,C,0.25,0.5,2
15,58,C,0.25,0.5,2
51,58,C,0.25,0.5,4
8,58,C,0.25,0.5,4
32,58,C,0.25,0.5,2
6,58,C,0.25,0.5,1
28,58,C,0.25,0.5,3
10,58,C,0.25,0.5,3
26,58,C,0.25,0.5,5
53,58,C,0.25,0.5,1
46,58,C,0.25,0.5,5
24,58,C,0.25,0.5,3
34,58,C,0.25,0.5,1
16,58,C,0.25,0.5,1
58,58,C,0.25,0.5,2
12,58,C,0.25,0.5,2
39,58,C,0.25,0.5,2
38,58,C,0.25,0.5,3
37,58,C,0.25,0.5,5
43,58,C,0.25,0.5,1
3,58,C,0.25,0.5,2
54,58,C,0.25,0.5,3
11,58,C,0.25,0.5,2
61,58,C,0.25,0.5,4
13,58,C,0.25,0.5,1
70,58,C,0.25,0.5,4
44,58,C,0.25,0.5,3
14,58,C,0.25,0.5,2
17,58,C,0.25,0.5,3
27,58,C,0.25,0.5,2
55,58,C,0.25,0.5,3
36,58,C,0.25,0.5,3
5,58,C,0.25,0.5,3
21,58,C,0.25,0.5,3
48,58,C,0.25,0.5,3
23,58,C,0.25,0.5,2
2,58,C,0.25,0.5,4
35,58,C,0.25,0.5,5
1,58,C,0.25,0.5,5
67,58,C,0.25,0.5,5
29,58,C,0.25,0.5,6
52,58,C,0.25,0.5,4
62,58,C,0.25,0.5,7
50,58,C,0.25,0.5,6
4,58,C,0.25,0.5,4
9,58,C,0.25,0.5,2
56,58,C,0.25,0.5,5
49,58,C,0.25,0.5,4
64,58,C,0.25,0.5,3
47,58,C,0.25,0.5,4
68,58,C,0.25,0.5,1
63,58,C,0.25,0.5,2
42,58,C,0.25,0.5,5
31,58,C,0.25,0.5,3
33,58,C,0.25,0.5,2
57,58,C,0.25,0.5,2
25,58,C,0.25,0.5,3
45,58,C,0.25,0.5,4
30,58,C,0.25,0.5,5
18,58,C,0.25,0.5,5
40,58,C,0.25,0.5,2
65,58,C,0.25,0.5,3
66,59,C,0.25,0.5,5
20,59,C,0.25,0.5,6
22,59,C,0.25,0.5,4
69,59,C,0.25,0.5,6
7,59,C,0.25,0.5,3
41,59,C,0.25,0.5,7
60,59,C,0.25,0.5,2
19,59,C,0.25,0.5,2
59,59,C,0.25,0.5,6
15,59,C,0.25,0.5,2
51,59,C,0.25,0.5,1
8,59,C,0.25,0.5,5
32,59,C,0.25,0.5,4
6,59,C,0.25,0.5,5
28,59,C,0.25,0.5,3
10,59,C,0.25,0.5,2
26,59,C,0.25,0.5,6
53,59,C,0.25,0.5,1
46,59,C,0.25,0.5,3
24,59,C,0.25,0.5,3
34,59,C,0.25,0.5,5
16,59,C,0.25,0.5,1
58,59,C,0.25,0.5,2
12,59,C,0.25,0.5,4
39,59,C,0.25,0.5,2
38,59,C,0.25,0.5,4
37,59,C,0.25,0.5,6
43,59,C,0.25,0.5,6
3,59,C,0.25,0.5,7
54,59,C,0.25,0.5,5
11,59,C,0.25,0.5,3
61,59,C,0.25,0.5,5
13,59,C,0.25,0.5,4
70,59,C,0.25,0.5,2
44,59,C,0.25,0.5,6
14,59,C,0.25,0.5,3
17,59,C,0.25,0.5,5
27,59,C,0.25,0.5,6
55,59,C,0.25,0.5,3
36,59,C,0.25,0.5,5
5,59,C,0.25,0.5,2
21,59,C,0.25,0.5,2
48,59,C,0.25,0.5,2
23,59,C,0.25,0.5,3
2,59,C,0.25,0.5,7
35,59,C,0.25,0.5,5
1,59,C,0.25,0.5,6
67,59,C,0.25,0.5,6
29,59,C,0.25,0.5,6
52,59,C,0.25,0.5,3
62,59,C,0.25,0.5,7
50,59,C,0.25,0.5,6
4,59,C,0.25,0.5,4
9,59,C,0.25,0.5,4
56,59,C,0.25,0.5,5
49,59,C,0.25,0.5,4
64,59,C,0.25,0.5,2
47,59,C,0.25,0.5,4
68,59,C,0.25,0.5,7
63,59,C,0.25,0.5,2
42,59,C,0.25,0.5,5
31,59,C,0.25,0.5,2
33,59,C,0.25,0.5,2
57,59,C,0.25,0.5,2
25,59,C,0.25,0.5,3
45,59,C,0.25,0.5,3
30,59,C,0.25,0.5,4
18,59,C,0.25,0.5,4
40,59,C,0.25,0.5,6
65,59,C,0.25,0.5,3
66,62,C,0.25,0.5,2
20,62,C,0.25,0.5,1
22,62,C,0.25,0.5,3
69,62,C,0.25,0.5,2
7,62,C,0.25,0.5,2
41,62,C,0.25,0.5,6
60,62,C,0.25,0.5,2
19,62,C,0.25,0.5,1
59,62,C,0.25,0.5,4
15,62,C,0.25,0.5,4
51,62,C,0.25,0.5,3
8,62,C,0.25,0.5,4
32,62,C,0.25,0.5,4
6,62,C,0.25,0.5,1
28,62,C,0.25,0.5,3
10,62,C,0.25,0.5,2
26,62,C,0.25,0.5,5
53,62,C,0.25,0.5,1
46,62,C,0.25,0.5,4
24,62,C,0.25,0.5,2
34,62,C,0.25,0.5,1
16,62,C,0.25,0.5,4
58,62,C,0.25,0.5,3
12,62,C,0.25,0.5,2
39,62,C,0.25,0.5,5
38,62,C,0.25,0.5,3
37,62,C,0.25,0.5,3
43,62,C,0.25,0.5,2
3,62,C,0.25,0.5,4
54,62,C,0.25,0.5,1
11,62,C,0.25,0.5,2
61,62,C,0.25,0.5,4
13,62,C,0.25,0.5,1
70,62,C,0.25,0.5,6
44,62,C,0.25,0.5,5
14,62,C,0.25,0.5,2
17,62,C,0.25,0.5,2
27,62,C,0.25,0.5,4
55,62,C,0.25,0.5,6
36,62,C,0.25,0.5,4
5,62,C,0.25,0.5,5
21,62,C,0.25,0.5,3
48,62,C,0.25,0.5,1
23,62,C,0.25,0.5,2
2,62,C,0.25,0.5,5
35,62,C,0.25,0.5,4
1,62,C,0.25,0.5,5
67,62,C,0.25,0.5,4
29,62,C,0.25,0.5,5
52,62,C,0.25,0.5,6
62,62,C,0.25,0.5,1
50,62,C,0.25,0.5,2
4,62,C,0.25,0.5,5
9,62,C,0.25,0.5,5
56,62,C,0.25,0.5,3
49,62,C,0.25,0.5,3
64,62,C,0.25,0.5,1
47,62,C,0.25,0.5,2
68,62,C,0.25,0.5,3
63,62,C,0.25,0.5,2
42,62,C,0.25,0.5,5
31,62,C,0.25,0.5,3
33,62,C,0.25,0.5,1
57,62,C,0.25,0.5,2
25,62,C,0.25,0.5,5
45,62,C,0.25,0.5,2
30,62,C,0.25,0.5,6
18,62,C,0.25,0.5,4
40,62,C,0.25,0.5,3
65,62,C,0.25,0.5,1
